Data Source,世界发展指标,,,,,,,,,,,,,,,,,,,,,,,,,,,,,,,,,,,,,,,,,,,,,,,,,,,,,,,,,,,,,,,,
,,,,,,,,,,,,,,,,,,,,,,,,,,,,,,,,,,,,,,,,,,,,,,,,,,,,,,,,,,,,,,,,,
Last Updated Date,2023/3/1,,,,,,,,,,,,,,,,,,,,,,,,,,,,,,,,,,,,,,,,,,,,,,,,,,,,,,,,,,,,,,,,
,,,,,,,,,,,,,,,,,,,,,,,,,,,,,,,,,,,,,,,,,,,,,,,,,,,,,,,,,,,,,,,,,
Country Name,Country Code,Indicator Name,Indicator Code,1960,1961,1962,1963,1964,1965,1966,1967,1968,1969,1970,1971,1972,1973,1974,1975,1976,1977,1978,1979,1980,1981,1982,1983,1984,1985,1986,1987,1988,1989,1990,1991,1992,1993,1994,1995,1996,1997,1998,1999,2000,2001,2002,2003,2004,2005,2006,2007,2008,2009,2010,2011,2012,2013,2014,2015,2016,2017,2018,2019,2020,2021
阿鲁巴,ABW,一氧化氮排放量（千公吨二氧化碳当量）,EN.ATM.NOXE.KT.CE,,,,,,,,,,,,,,,,,,,,,,,,,,,,,,,,,,,,,,,,,,,,,,,,,,,,,,,,,,,,,,
,AFE,一氧化氮排放量（千公吨二氧化碳当量）,EN.ATM.NOXE.KT.CE,,,,,,,,,,,,,,,,,,,,,,,,,,,,,,,189480,189120,191600,191220,194000,196150,195960,196340,207440,205100,203230,202400,216190,220890,223010,231240,224390,239430,246590,244840,255340,259730,261270,259480,259870,262460,266510,268100,268290,267460,,
阿富汗,AFG,一氧化氮排放量（千公吨二氧化碳当量）,EN.ATM.NOXE.KT.CE,,,,,,,,,,,,,,,,,,,,,,,,,,,,,,,2840,2930,2890,2930,2760,2880,3120,3430,3720,4000,3480,3070,3560,3690,3670,3820,3660,3600,3880,4160,4580,4680,4720,4770,5090,4620,5050,5270,4690,5010,,
,AFW,一氧化氮排放量（千公吨二氧化碳当量）,EN.ATM.NOXE.KT.CE,,,,,,,,,,,,,,,,,,,,,,,,,,,,,,,75050,78450,79640,81410,141120,142200,145410,147450,152980,153230,159600,154350,156270,163820,163230,171590,171770,172020,174180,171830,178570,182810,184650,189490,190400,194090,204420,205020,207550,209390,,
安哥拉,AGO,一氧化氮排放量（千公吨二氧化碳当量）,EN.ATM.NOXE.KT.CE,,,,,,,,,,,,,,,,,,,,,,,,,,,,,,,15370,15410,15460,15410,15370,15350,13810,13580,14990,13880,14290,14630,15840,18150,18270,17960,16610,17780,16870,16970,17850,18440,17520,18100,17560,18270,18350,18740,16840,18910,,
阿尔巴尼亚,ALB,一氧化氮排放量（千公吨二氧化碳当量）,EN.ATM.NOXE.KT.CE,,,,,,,,,,,,,,,,,,,,,,,,,,,,,,,1560,1190,1100,1150,1360,1340,1190,1120,1160,1120,1180,1140,1290,1300,1260,1270,1210,1200,1130,1120,1110,1150,1150,1120,1140,1190,1220,1190,1080,1100,,
安道尔共和国,AND,一氧化氮排放量（千公吨二氧化碳当量）,EN.ATM.NOXE.KT.CE,,,,,,,,,,,,,,,,,,,,,,,,,,,,,,,0,0,0,0,0,0,0,0,0,0,0,0,0,0,0,0,0,0,0,0,0,0,0,0,0,0,0,0,0,0,,
阿拉伯联盟国家,ARB,一氧化氮排放量（千公吨二氧化碳当量）,EN.ATM.NOXE.KT.CE,,,,,,,,,,,,,,,,,,,,,,,,,,,,,,,70460,69510,70870,74330,75680,77500,80910,82300,86120,87450,93260,93020,96310,95450,99350,101510,101830,103880,103820,106440,105790,108280,109860,111490,111260,111780,113230,114110,114150,116040,,
阿拉伯联合酋长国,ARE,一氧化氮排放量（千公吨二氧化碳当量）,EN.ATM.NOXE.KT.CE,,,,,,,,,,,,,,,,,,,,,,,,,,,,,,,510,570,620,660,700,750,780,800,820,860,900,960,1090,1160,1180,1250,1300,1350,1460,1560,1600,1600,1620,1770,1810,1770,1870,2030,1960,1940,,
阿根廷,ARG,一氧化氮排放量（千公吨二氧化碳当量）,EN.ATM.NOXE.KT.CE,,,,,,,,,,,,,,,,,,,,,,,,,,,,,,,35570,35450,36180,35700,36660,36710,37060,37380,37040,37210,39280,39080,39620,43550,43770,43390,44750,47170,45840,40250,41470,42600,42070,43510,43850,43500,46450,49040,48210,48530,,
亚美尼亚,ARM,一氧化氮排放量（千公吨二氧化碳当量）,EN.ATM.NOXE.KT.CE,,,,,,,,,,,,,,,,,,,,,,,,,,,,,,,910,870,760,640,550,540,540,540,520,510,530,540,630,610,660,640,950,790,770,820,770,800,960,1020,980,1090,1620,1220,1170,1270,,
美属萨摩亚,ASM,一氧化氮排放量（千公吨二氧化碳当量）,EN.ATM.NOXE.KT.CE,,,,,,,,,,,,,,,,,,,,,,,,,,,,,,,,,,,,,,,,,,,,,,,,,,,,,,,,,,,,,,
安提瓜和巴布达,ATG,一氧化氮排放量（千公吨二氧化碳当量）,EN.ATM.NOXE.KT.CE,,,,,,,,,,,,,,,,,,,,,,,,,,,,,,,10,10,10,10,20,20,20,20,20,20,20,20,20,20,20,20,20,20,20,20,10,10,10,10,10,10,10,10,10,10,,
澳大利亚,AUS,一氧化氮排放量（千公吨二氧化碳当量）,EN.ATM.NOXE.KT.CE,,,,,,,,,,,,,,,,,,,,,,,,,,,,,,,78290,77300,76410,76130,75920,75710,69970,68920,73340,90300,98360,108700,101530,61260,85030,62220,81720,76870,61400,65130,54100,107160,106510,62980,75330,71810,57330,79460,76800,60870,,
奥地利,AUT,一氧化氮排放量（千公吨二氧化碳当量）,EN.ATM.NOXE.KT.CE,,,,,,,,,,,,,,,,,,,,,,,,,,,,,,,4970,4990,4780,4710,4670,4650,4760,4690,4700,4700,4660,4550,4470,4480,3930,3970,3960,3870,4000,3770,3780,3780,3830,3850,3930,3950,3960,3890,3830,3850,,
阿塞拜疆,AZE,一氧化氮排放量（千公吨二氧化碳当量）,EN.ATM.NOXE.KT.CE,,,,,,,,,,,,,,,,,,,,,,,,,,,,,,,2980,3000,2640,2410,2270,2260,2170,2280,2310,2360,2390,2580,2700,2790,2930,3000,3140,3150,3350,3390,3360,3460,3570,3620,3710,4100,4050,3960,4260,4130,,
布隆迪,BDI,一氧化氮排放量（千公吨二氧化碳当量）,EN.ATM.NOXE.KT.CE,,,,,,,,,,,,,,,,,,,,,,,,,,,,,,,1030,1040,1050,1040,990,1030,1020,1040,1110,1140,1150,1160,1150,1160,1200,1220,1270,1290,1340,1400,1490,1560,1600,1750,1760,1740,1880,2100,2160,2030,,
比利时,BEL,一氧化氮排放量（千公吨二氧化碳当量）,EN.ATM.NOXE.KT.CE,,,,,,,,,,,,,,,,,,,,,,,,,,,,,,,8170,8100,7730,7950,8450,8830,9320,9020,9110,9050,7680,7470,7960,7200,7280,7160,6150,5520,5480,5680,6190,4940,4950,4840,4820,4780,4620,4570,4590,4580,,
贝宁,BEN,一氧化氮排放量（千公吨二氧化碳当量）,EN.ATM.NOXE.KT.CE,,,,,,,,,,,,,,,,,,,,,,,,,,,,,,,1630,1690,1720,1740,1850,1790,2090,2180,2280,2230,2380,1940,2260,2030,1950,2340,2140,2220,2010,2120,2150,2210,2260,2380,2380,2340,2560,2470,2840,2720,,
布基纳法索,BFA,一氧化氮排放量（千公吨二氧化碳当量）,EN.ATM.NOXE.KT.CE,,,,,,,,,,,,,,,,,,,,,,,,,,,,,,,4730,4940,5040,5120,5380,5500,5450,5700,5770,5910,6390,5860,6220,7540,7740,8030,7850,7990,8150,8340,8720,8710,8790,9080,9150,9240,9750,9790,9910,10120,,
孟加拉国,BGD,一氧化氮排放量（千公吨二氧化碳当量）,EN.ATM.NOXE.KT.CE,,,,,,,,,,,,,,,,,,,,,,,,,,,,,,,16430,17220,17530,17920,18570,19850,20380,19910,19950,21190,21360,21840,22420,21960,22100,22880,23910,24000,26090,25590,26150,27200,26600,26760,27680,28360,27420,28580,29330,28920,,
保加利亚,BGR,一氧化氮排放量（千公吨二氧化碳当量）,EN.ATM.NOXE.KT.CE,,,,,,,,,,,,,,,,,,,,,,,,,,,,,,,8240,7050,5230,4530,4570,4340,4430,4140,3570,3320,3710,3920,4330,4440,4340,3960,3230,3590,3810,3790,3720,4360,3450,3780,3850,4030,4050,4120,4130,4160,,
巴林,BHR,一氧化氮排放量（千公吨二氧化碳当量）,EN.ATM.NOXE.KT.CE,,,,,,,,,,,,,,,,,,,,,,,,,,,,,,,50,50,50,50,60,60,60,60,70,60,70,70,80,90,100,110,110,110,120,110,130,130,130,140,140,150,150,160,190,180,,
巴哈马,BHS,一氧化氮排放量（千公吨二氧化碳当量）,EN.ATM.NOXE.KT.CE,,,,,,,,,,,,,,,,,,,,,,,,,,,,,,,20,20,20,20,20,20,30,20,30,20,20,20,20,20,30,20,20,20,30,20,20,30,30,30,30,30,30,30,30,30,,
波斯尼亚和黑塞哥维那,BIH,一氧化氮排放量（千公吨二氧化碳当量）,EN.ATM.NOXE.KT.CE,,,,,,,,,,,,,,,,,,,,,,,,,,,,,,,1120,990,890,800,670,570,500,630,800,850,880,810,800,770,970,920,940,940,890,1220,1200,1340,1420,1330,1430,1480,1360,1350,1270,1340,,
白俄罗斯,BLR,一氧化氮排放量（千公吨二氧化碳当量）,EN.ATM.NOXE.KT.CE,,,,,,,,,,,,,,,,,,,,,,,,,,,,,,,17490,16480,13070,12760,12040,11900,11930,11970,11880,11830,11610,11620,11280,11530,11750,12110,12600,12450,12990,13130,13030,13530,13390,13150,12730,12610,11860,12280,12150,12060,,
伯利兹,BLZ,一氧化氮排放量（千公吨二氧化碳当量）,EN.ATM.NOXE.KT.CE,,,,,,,,,,,,,,,,,,,,,,,,,,,,,,,100,100,110,100,100,90,90,90,100,100,100,100,160,230,100,120,110,120,120,150,130,160,150,220,220,230,230,220,200,220,,
百慕大,BMU,一氧化氮排放量（千公吨二氧化碳当量）,EN.ATM.NOXE.KT.CE,,,,,,,,,,,,,,,,,,,,,,,,,,,,,,,,,,,,,,,,,,,,,,,,,,,,,,,,,,,,,,
玻利维亚,BOL,一氧化氮排放量（千公吨二氧化碳当量）,EN.ATM.NOXE.KT.CE,,,,,,,,,,,,,,,,,,,,,,,,,,,,,,,5010,5140,5240,5380,5540,5680,5480,5670,6010,6350,6040,6010,6890,6580,7440,7980,7660,7650,7670,7660,9520,8460,8480,8470,8050,8580,9080,8890,8800,9720,,
巴西,BRA,一氧化氮排放量（千公吨二氧化碳当量）,EN.ATM.NOXE.KT.CE,,,,,,,,,,,,,,,,,,,,,,,,,,,,,,,106270,110200,111860,114640,118100,120050,113010,116340,123650,124030,123930,129860,140220,145710,156220,155130,152980,158620,152420,148640,166180,165610,166610,167210,174020,171370,175480,183640,178490,182050,,
巴巴多斯,BRB,一氧化氮排放量（千公吨二氧化碳当量）,EN.ATM.NOXE.KT.CE,,,,,,,,,,,,,,,,,,,,,,,,,,,,,,,50,50,50,50,50,50,50,50,50,50,50,40,40,40,50,40,40,40,40,40,40,40,40,40,40,40,40,40,40,40,,
文莱达鲁萨兰国,BRN,一氧化氮排放量（千公吨二氧化碳当量）,EN.ATM.NOXE.KT.CE,,,,,,,,,,,,,,,,,,,,,,,,,,,,,,,80,90,90,80,80,90,90,90,100,110,110,120,110,120,120,120,130,130,130,130,140,130,150,150,140,140,150,140,150,150,,
不丹,BTN,一氧化氮排放量（千公吨二氧化碳当量）,EN.ATM.NOXE.KT.CE,,,,,,,,,,,,,,,,,,,,,,,,,,,,,,,110,110,100,110,110,120,120,120,110,120,110,100,110,100,110,120,110,120,110,110,110,110,110,110,110,100,100,110,110,110,,
博茨瓦纳,BWA,一氧化氮排放量（千公吨二氧化碳当量）,EN.ATM.NOXE.KT.CE,,,,,,,,,,,,,,,,,,,,,,,,,,,,,,,4600,4410,4280,4170,4320,4630,5430,5140,4620,4510,4320,5410,5590,1940,2210,2760,3800,2760,7250,2620,8440,10690,4390,3890,2520,2210,1840,3540,2390,1530,,
中非共和国,CAF,一氧化氮排放量（千公吨二氧化碳当量）,EN.ATM.NOXE.KT.CE,,,,,,,,,,,,,,,,,,,,,,,,,,,,,,,8040,8160,8170,8190,10620,10660,11690,11760,12770,11530,13060,11040,9840,12500,11120,11630,11670,11800,12450,10060,11170,11740,10230,10860,10610,10750,11660,10850,11110,9940,,
加拿大,CAN,一氧化氮排放量（千公吨二氧化碳当量）,EN.ATM.NOXE.KT.CE,,,,,,,,,,,,,,,,,,,,,,,,,,,,,,,40220,39950,40460,40230,42280,43620,45930,43670,40360,37140,35450,34780,36080,36650,38770,39860,35670,39900,40190,37020,37420,40040,42150,41750,41190,41150,40240,40940,42760,41500,,
中歐和波羅的海,CEB,一氧化氮排放量（千公吨二氧化碳当量）,EN.ATM.NOXE.KT.CE,,,,,,,,,,,,,,,,,,,,,,,,,,,,,,,86850,73820,67850,65740,64990,64130,66100,65790,61980,59940,62830,63600,60900,62300,65410,65500,64480,66200,63850,55660,56660,57550,56140,55100,54530,55760,56670,56910,56940,57340,,
瑞士,CHE,一氧化氮排放量（千公吨二氧化碳当量）,EN.ATM.NOXE.KT.CE,,,,,,,,,,,,,,,,,,,,,,,,,,,,,,,2840,2820,2790,2740,2750,2730,2710,2630,2630,2550,2550,2590,2480,2470,2490,2540,2560,2520,2590,2550,2560,2510,2460,2480,2450,2440,2450,2440,2410,2420,,
海峡群岛,CHI,一氧化氮排放量（千公吨二氧化碳当量）,EN.ATM.NOXE.KT.CE,,,,,,,,,,,,,,,,,,,,,,,,,,,,,,,,,,,,,,,,,,,,,,,,,,,,,,,,,,,,,,
智利,CHL,一氧化氮排放量（千公吨二氧化碳当量）,EN.ATM.NOXE.KT.CE,,,,,,,,,,,,,,,,,,,,,,,,,,,,,,,4650,4640,4840,5050,5350,5660,5940,6150,6220,6480,6570,6510,6580,6330,6870,6550,6760,7270,8040,7960,8210,7660,7670,7200,6800,6840,6510,6540,6590,6770,,
中国,CHN,一氧化氮排放量（千公吨二氧化碳当量）,EN.ATM.NOXE.KT.CE,,,,,,,,,,,,,,,,,,,,,,,,,,,,,,,295770,303320,309200,301010,314550,358190,384120,356010,364990,380660,375420,377910,396770,400790,416780,427310,440230,449070,464320,475730,488160,497300,509380,522600,534100,549330,552360,548720,544840,552060,,
科特迪瓦,CIV,一氧化氮排放量（千公吨二氧化碳当量）,EN.ATM.NOXE.KT.CE,,,,,,,,,,,,,,,,,,,,,,,,,,,,,,,2590,2650,2700,2790,2860,2930,2780,2950,2990,2930,3030,3250,3580,3440,2870,3570,3350,3480,3210,3100,3110,3270,3330,3560,3170,3230,3830,3250,3210,3090,,
喀麦隆,CMR,一氧化氮排放量（千公吨二氧化碳当量）,EN.ATM.NOXE.KT.CE,,,,,,,,,,,,,,,,,,,,,,,,,,,,,,,5360,5320,5350,5370,61150,61130,61260,61420,61950,61890,62580,62180,62130,62810,62080,62850,62280,62130,61960,61820,62100,62030,61970,62150,62060,62140,62240,62200,62230,62160,,
刚果（金）,COD,一氧化氮排放量（千公吨二氧化碳当量）,EN.ATM.NOXE.KT.CE,,,,,,,,,,,,,,,,,,,,,,,,,,,,,,,13390,13320,13380,13370,13390,13340,10650,10430,10950,10050,9870,10770,13390,14610,15580,15360,15610,13860,14670,14560,15070,14300,13860,14630,14370,14880,14810,15410,14430,14600,,
刚果（布）,COG,一氧化氮排放量（千公吨二氧化碳当量）,EN.ATM.NOXE.KT.CE,,,,,,,,,,,,,,,,,,,,,,,,,,,,,,,1490,1490,1490,1500,1510,1510,880,900,930,940,830,880,1120,1570,1640,1870,1910,1750,1770,1690,1920,1990,1970,2050,1840,2030,2050,2010,2060,2030,,
哥伦比亚,COL,一氧化氮排放量（千公吨二氧化碳当量）,EN.ATM.NOXE.KT.CE,,,,,,,,,,,,,,,,,,,,,,,,,,,,,,,18150,18130,18090,18410,18660,18740,18500,18490,18830,18150,18630,19140,19390,20110,20370,20760,21260,22780,21970,22160,22710,22040,21580,20240,20920,20410,20550,21550,22610,22860,,
科摩罗,COM,一氧化氮排放量（千公吨二氧化碳当量）,EN.ATM.NOXE.KT.CE,,,,,,,,,,,,,,,,,,,,,,,,,,,,,,,40,40,40,40,40,40,40,40,50,50,40,40,50,40,40,40,40,40,50,40,50,50,50,50,50,50,50,50,50,50,,
佛得角,CPV,一氧化氮排放量（千公吨二氧化碳当量）,EN.ATM.NOXE.KT.CE,,,,,,,,,,,,,,,,,,,,,,,,,,,,,,,50,60,80,80,60,80,50,60,80,80,80,80,80,80,80,80,80,80,80,90,100,60,60,70,70,70,70,60,60,60,,
哥斯达黎加,CRI,一氧化氮排放量（千公吨二氧化碳当量）,EN.ATM.NOXE.KT.CE,,,,,,,,,,,,,,,,,,,,,,,,,,,,,,,1640,1690,1700,1670,1640,1540,1770,1820,1860,1660,1560,1450,1440,1560,1460,1530,1550,1650,1730,1520,1640,1860,1800,1830,1750,1810,1950,1910,1960,1960,,
加勒比小国,CSS,一氧化氮排放量（千公吨二氧化碳当量）,EN.ATM.NOXE.KT.CE,,,,,,,,,,,,,,,,,,,,,,,,,,,,,,,1820,1870,1880,1870,1870,1990,2050,2070,2060,2120,2110,2110,2200,2320,2360,2210,2170,2150,2290,2250,2270,2270,2340,2410,2430,2470,2420,2370,2440,2460,,
古巴,CUB,一氧化氮排放量（千公吨二氧化碳当量）,EN.ATM.NOXE.KT.CE,,,,,,,,,,,,,,,,,,,,,,,,,,,,,,,6440,5880,5410,4550,4070,3990,3970,4090,3950,3750,3710,3870,3570,3330,3420,3190,3350,3430,3480,3370,3410,3630,3560,3670,3860,3760,3630,3620,3540,3560,,
库拉索,CUW,一氧化氮排放量（千公吨二氧化碳当量）,EN.ATM.NOXE.KT.CE,,,,,,,,,,,,,,,,,,,,,,,,,,,,,,,,,,,,,,,,,,,,,,,,,,,,,,,,,,,,,,
开曼群岛,CYM,一氧化氮排放量（千公吨二氧化碳当量）,EN.ATM.NOXE.KT.CE,,,,,,,,,,,,,,,,,,,,,,,,,,,,,,,,,,,,,,,,,,,,,,,,,,,,,,,,,,,,,,
塞浦路斯,CYP,一氧化氮排放量（千公吨二氧化碳当量）,EN.ATM.NOXE.KT.CE,,,,,,,,,,,,,,,,,,,,,,,,,,,,,,,320,320,370,370,370,370,380,360,370,370,360,380,400,400,390,360,360,370,360,380,390,380,380,340,340,350,350,360,360,370,,
捷克共和国,CZE,一氧化氮排放量（千公吨二氧化碳当量）,EN.ATM.NOXE.KT.CE,,,,,,,,,,,,,,,,,,,,,,,,,,,,,,,8020,6110,5950,5370,5550,5530,5750,5490,5410,5130,5530,5870,4900,4980,5190,5090,4960,4990,4920,4690,4550,4710,5140,4980,5100,5550,5580,5280,5140,5320,,
德国,DEU,一氧化氮排放量（千公吨二氧化碳当量）,EN.ATM.NOXE.KT.CE,,,,,,,,,,,,,,,,,,,,,,,,,,,,,,,65350,64270,64290,61230,64690,62780,64000,61480,48790,45320,43660,45320,45120,44900,46230,44480,43050,46710,44390,44590,37560,36010,36100,36730,37620,36740,36070,34980,33120,34120,,
吉布提,DJI,一氧化氮排放量（千公吨二氧化碳当量）,EN.ATM.NOXE.KT.CE,,,,,,,,,,,,,,,,,,,,,,,,,,,,,,,200,200,200,200,210,220,230,240,240,250,250,250,250,250,250,260,250,250,250,250,260,260,260,260,260,260,260,260,260,260,,
多米尼克,DMA,一氧化氮排放量（千公吨二氧化碳当量）,EN.ATM.NOXE.KT.CE,,,,,,,,,,,,,,,,,,,,,,,,,,,,,,,30,30,30,30,30,30,20,20,20,30,30,30,20,20,20,20,20,20,20,20,20,20,20,20,20,20,20,20,20,20,,
丹麦,DNK,一氧化氮排放量（千公吨二氧化碳当量）,EN.ATM.NOXE.KT.CE,,,,,,,,,,,,,,,,,,,,,,,,,,,,,,,7300,7170,6700,6740,6640,6640,6590,6580,6400,6440,6440,6260,6100,6250,5540,5430,5380,5350,5360,5070,4980,4970,5000,4910,5090,5260,5240,5250,4880,5170,,
多米尼加共和国,DOM,一氧化氮排放量（千公吨二氧化碳当量）,EN.ATM.NOXE.KT.CE,,,,,,,,,,,,,,,,,,,,,,,,,,,,,,,1920,2060,2020,2040,2090,2120,2210,2280,2270,2070,2010,2150,2440,2330,2530,2540,2700,2890,2840,2910,3040,3020,2930,2940,2980,3120,3200,3270,3410,3340,,
阿尔及利亚,DZA,一氧化氮排放量（千公吨二氧化碳当量）,EN.ATM.NOXE.KT.CE,,,,,,,,,,,,,,,,,,,,,,,,,,,,,,,5070,4860,4830,4740,4330,4240,4340,4210,4790,4720,7480,7640,7460,7710,8390,7770,8130,8160,7870,8470,8730,9350,10330,10910,11700,12310,12300,12300,12510,12610,,
东亚与太平洋地区（不包括高收入）,EAP,一氧化氮排放量（千公吨二氧化碳当量）,EN.ATM.NOXE.KT.CE,,,,,,,,,,,,,,,,,,,,,,,,,,,,,,,427860,437090,447130,440800,459050,505080,535490,505880,517180,533820,530580,531560,554730,564810,585780,596230,611970,628480,643340,665290,678370,689980,707040,721690,736940,753920,760410,768200,766430,776010,,
早人口紅利,EAR,一氧化氮排放量（千公吨二氧化碳当量）,EN.ATM.NOXE.KT.CE,,,,,,,,,,,,,,,,,,,,,,,,,,,,,,,556650,558440,568330,568710,577990,593640,610960,622540,637720,644130,651270,658980,662600,677500,695650,717800,742150,762790,774760,788290,810450,829510,830900,838950,842680,850880,867280,893700,901870,907130,,
东亚与太平洋地区,EAS,一氧化氮排放量（千公吨二氧化碳当量）,EN.ATM.NOXE.KT.CE,,,,,,,,,,,,,,,,,,,,,,,,,,,,,,,556840,565940,579200,574310,596400,644930,670930,642000,655870,684730,693230,701360,717540,690720,737660,723250,756660,758750,756360,781210,783060,847600,864180,836240,864230,878030,870530,901190,897230,891070,,
欧洲与中亚地区（不包括高收入）,ECA,一氧化氮排放量（千公吨二氧化碳当量）,EN.ATM.NOXE.KT.CE,,,,,,,,,,,,,,,,,,,,,,,,,,,,,,,255380,240620,216340,200810,179640,169460,160760,157150,149290,144650,145060,147000,153270,150910,149230,150540,154110,154730,160760,160760,160980,167380,167980,172830,175620,176190,182690,186730,185370,189900,,
欧洲与中亚地区,ECS,一氧化氮排放量（千公吨二氧化碳当量）,EN.ATM.NOXE.KT.CE,,,,,,,,,,,,,,,,,,,,,,,,,,,,,,,646510,616170,576560,553820,537090,523670,524480,515320,485680,461230,457580,457220,456890,453670,454820,449210,442150,446460,438710,421720,415260,413860,413790,418750,424120,426140,430420,435510,428670,435040,,
厄瓜多尔,ECU,一氧化氮排放量（千公吨二氧化碳当量）,EN.ATM.NOXE.KT.CE,,,,,,,,,,,,,,,,,,,,,,,,,,,,,,,3680,3820,3960,4090,4210,4280,4550,4910,4720,4370,4100,5340,4840,4770,4980,4770,4870,4600,4980,5220,5490,5570,5430,5400,5330,4850,4940,5020,5140,5160,,
阿拉伯埃及共和国,EGY,一氧化氮排放量（千公吨二氧化碳当量）,EN.ATM.NOXE.KT.CE,,,,,,,,,,,,,,,,,,,,,,,,,,,,,,,12480,13330,13500,14480,13820,15730,16410,16340,17190,17600,18650,18920,19630,20050,21240,21060,21580,21920,22990,23720,24150,24190,23260,22750,22320,22370,22900,22830,22590,23320,,
欧洲货币联盟,EMU,一氧化氮排放量（千公吨二氧化碳当量）,EN.ATM.NOXE.KT.CE,,,,,,,,,,,,,,,,,,,,,,,,,,,,,,,248150,244260,237870,234300,238570,237420,244690,240000,221990,213100,208250,207630,206470,204870,204580,198560,189950,193320,182110,174390,165880,159170,159300,160520,162720,163000,160010,160360,155590,156460,,
厄立特里亚,ERI,一氧化氮排放量（千公吨二氧化碳当量）,EN.ATM.NOXE.KT.CE,,,,,,,,,,,,,,,,,,,,,,,,,,,,,,,1220,1220,1280,1050,1080,1100,1270,1450,1530,1570,1630,1480,1450,1490,1500,1550,1480,1600,1590,1600,1550,1630,1630,1650,1660,1670,1690,1690,1710,1710,,
西班牙,ESP,一氧化氮排放量（千公吨二氧化碳当量）,EN.ATM.NOXE.KT.CE,,,,,,,,,,,,,,,,,,,,,,,,,,,,,,,22210,21450,19880,20360,20980,20680,22750,22360,23690,23660,23760,23370,23010,24010,23290,21920,22280,22850,20580,20230,20700,19650,19000,19560,20360,20490,20280,20690,20420,20060,,
爱沙尼亚,EST,一氧化氮排放量（千公吨二氧化碳当量）,EN.ATM.NOXE.KT.CE,,,,,,,,,,,,,,,,,,,,,,,,,,,,,,,1940,1820,1570,1430,1290,1230,1200,1190,1220,1200,1220,1200,1190,1230,1250,1230,1230,1280,1340,1280,1310,1320,1350,1370,1400,1420,1360,1400,1390,1400,,
埃塞俄比亚,ETH,一氧化氮排放量（千公吨二氧化碳当量）,EN.ATM.NOXE.KT.CE,,,,,,,,,,,,,,,,,,,,,,,,,,,,,,,23620,23630,24160,21640,21920,22120,23380,23890,26100,25940,24600,25450,29030,27810,28740,30140,31590,35170,36140,37780,39490,38930,41030,41760,43380,44490,46190,47230,47450,47720,,
欧洲联盟,EUU,一氧化氮排放量（千公吨二氧化碳当量）,EN.ATM.NOXE.KT.CE,,,,,,,,,,,,,,,,,,,,,,,,,,,,,,,333050,317350,306020,301960,305770,304000,312720,307630,285470,275010,272590,271960,267680,267490,269160,262870,252860,257110,244030,229990,222810,216680,215550,215990,217800,219520,217540,218370,213200,214790,,
脆弱和受衝突影響的情況下,FCS,一氧化氮排放量（千公吨二氧化碳当量）,EN.ATM.NOXE.KT.CE,,,,,,,,,,,,,,,,,,,,,,,,,,,,,,,191500,192800,196930,198250,261390,264300,269240,272610,284290,285270,290930,286180,297650,305090,309540,320400,319200,326090,331910,332420,338570,340760,349250,354920,358520,361630,373620,376270,382260,381040,,
芬兰,FIN,一氧化氮排放量（千公吨二氧化碳当量）,EN.ATM.NOXE.KT.CE,,,,,,,,,,,,,,,,,,,,,,,,,,,,,,,6500,5920,5740,5830,6020,6000,6000,6040,5890,5900,5960,5860,6050,6070,6230,6440,6120,6310,6640,5520,5190,4750,4780,4880,4980,4960,4880,4910,4940,5010,,
斐济,FJI,一氧化氮排放量（千公吨二氧化碳当量）,EN.ATM.NOXE.KT.CE,,,,,,,,,,,,,,,,,,,,,,,,,,,,,,,340,330,330,360,370,390,390,390,380,360,340,360,370,330,360,350,340,340,350,330,330,330,340,340,160,180,170,190,180,210,,
法国,FRA,一氧化氮排放量（千公吨二氧化碳当量）,EN.ATM.NOXE.KT.CE,,,,,,,,,,,,,,,,,,,,,,,,,,,,,,,61290,61750,59650,59890,60660,61490,63760,63120,55940,51220,49090,49840,47360,47220,44690,43510,42710,43790,41960,39760,38680,36730,37300,38280,38530,39150,37650,38620,38120,38260,,
法罗群岛,FRO,一氧化氮排放量（千公吨二氧化碳当量）,EN.ATM.NOXE.KT.CE,,,,,,,,,,,,,,,,,,,,,,,,,,,,,,,,,,,,,,,,,,,,,,,,,,,,,,,,,,,,,,
密克罗尼西亚联邦,FSM,一氧化氮排放量（千公吨二氧化碳当量）,EN.ATM.NOXE.KT.CE,,,,,,,,,,,,,,,,,,,,,,,,,,,,,,,0,10,10,10,10,20,20,20,20,20,20,20,20,20,20,20,20,20,20,20,20,30,30,30,30,30,30,30,30,30,,
加蓬,GAB,一氧化氮排放量（千公吨二氧化碳当量）,EN.ATM.NOXE.KT.CE,,,,,,,,,,,,,,,,,,,,,,,,,,,,,,,320,330,340,340,340,340,290,310,320,330,330,330,370,410,470,460,510,530,590,540,580,560,530,630,570,600,620,640,580,640,,
英国,GBR,一氧化氮排放量（千公吨二氧化碳当量）,EN.ATM.NOXE.KT.CE,,,,,,,,,,,,,,,,,,,,,,,,,,,,,,,58120,57220,51990,47970,48550,46850,47710,47070,46830,37060,36050,34650,32630,32230,33130,31970,30910,30950,30790,28480,29010,28050,27660,27670,28470,28360,28100,28370,28130,28370,,
格鲁吉亚,GEO,一氧化氮排放量（千公吨二氧化碳当量）,EN.ATM.NOXE.KT.CE,,,,,,,,,,,,,,,,,,,,,,,,,,,,,,,2510,2290,2050,1750,1440,1360,1480,1550,1600,1740,1820,1610,1610,1580,1730,1890,1850,1800,1770,1810,1830,2070,2220,2410,2380,2270,2300,2190,2170,2160,,
加纳,GHA,一氧化氮排放量（千公吨二氧化碳当量）,EN.ATM.NOXE.KT.CE,,,,,,,,,,,,,,,,,,,,,,,,,,,,,,,3510,3590,3560,3590,3600,3620,3850,3910,4500,3910,4490,3880,3810,4160,3690,4650,4510,4260,4290,4140,4380,4780,4670,5050,4920,5180,5200,5530,5320,5370,,
直布罗陀,GIB,一氧化氮排放量（千公吨二氧化碳当量）,EN.ATM.NOXE.KT.CE,,,,,,,,,,,,,,,,,,,,,,,,,,,,,,,,,,,,,,,,,,,,,,,,,,,,,,,,,,,,,,
几内亚,GIN,一氧化氮排放量（千公吨二氧化碳当量）,EN.ATM.NOXE.KT.CE,,,,,,,,,,,,,,,,,,,,,,,,,,,,,,,2620,2690,2760,2850,2960,3060,2650,2680,3070,2820,3030,3500,3970,3900,3790,4390,4380,4420,4590,4580,4660,5020,5540,5530,5570,5490,6730,6480,6130,6670,,
冈比亚,GMB,一氧化氮排放量（千公吨二氧化碳当量）,EN.ATM.NOXE.KT.CE,,,,,,,,,,,,,,,,,,,,,,,,,,,,,,,280,290,290,290,290,290,300,290,310,280,310,270,260,300,320,330,350,350,350,370,380,350,310,320,340,340,340,340,340,330,,
几内亚比绍共和国,GNB,一氧化氮排放量（千公吨二氧化碳当量）,EN.ATM.NOXE.KT.CE,,,,,,,,,,,,,,,,,,,,,,,,,,,,,,,500,500,510,520,530,540,500,490,480,530,520,680,700,700,650,600,680,670,620,660,690,690,760,710,730,760,730,750,780,780,,
赤道几内亚,GNQ,一氧化氮排放量（千公吨二氧化碳当量）,EN.ATM.NOXE.KT.CE,,,,,,,,,,,,,,,,,,,,,,,,,,,,,,,10,10,10,10,10,10,20,20,20,20,20,20,30,30,30,30,40,40,40,40,40,40,40,40,40,40,40,40,40,40,,
希腊,GRC,一氧化氮排放量（千公吨二氧化碳当量）,EN.ATM.NOXE.KT.CE,,,,,,,,,,,,,,,,,,,,,,,,,,,,,,,7390,7160,7050,6590,6720,6530,6820,6520,6310,6330,6390,6120,6160,6190,5840,5680,5370,5240,5420,4960,5350,5900,5100,4800,4670,4490,4470,4530,4330,4270,,
格林纳达,GRD,一氧化氮排放量（千公吨二氧化碳当量）,EN.ATM.NOXE.KT.CE,,,,,,,,,,,,,,,,,,,,,,,,,,,,,,,10,10,10,10,10,10,10,10,10,10,10,10,10,10,10,10,10,10,10,10,10,10,10,10,10,10,10,10,10,10,,
格陵兰,GRL,一氧化氮排放量（千公吨二氧化碳当量）,EN.ATM.NOXE.KT.CE,,,,,,,,,,,,,,,,,,,,,,,,,,,,,,,,,,,,,,,,,,,,,,,,,,,,,,,,,,,,,,
危地马拉,GTM,一氧化氮排放量（千公吨二氧化碳当量）,EN.ATM.NOXE.KT.CE,,,,,,,,,,,,,,,,,,,,,,,,,,,,,,,2370,2530,2650,2780,2770,2830,2780,2850,2810,3020,3060,3150,3200,3480,3550,3760,3730,3860,3570,3930,4140,4370,4460,4520,4470,4690,4730,4800,4840,4920,,
关岛,GUM,一氧化氮排放量（千公吨二氧化碳当量）,EN.ATM.NOXE.KT.CE,,,,,,,,,,,,,,,,,,,,,,,,,,,,,,,,,,,,,,,,,,,,,,,,,,,,,,,,,,,,,,
圭亚那,GUY,一氧化氮排放量（千公吨二氧化碳当量）,EN.ATM.NOXE.KT.CE,,,,,,,,,,,,,,,,,,,,,,,,,,,,,,,610,650,640,650,640,720,740,770,770,800,760,770,800,840,930,830,830,840,900,850,890,850,900,940,910,960,890,840,970,930,,
高收入国家,HIC,一氧化氮排放量（千公吨二氧化碳当量）,EN.ATM.NOXE.KT.CE,,,,,,,,,,,,,,,,,,,,,,,,,,,,,,,821620,805100,798930,796480,814130,816870,832060,819140,793480,781030,786100,785860,775060,745550,778820,750040,759120,760970,716010,690800,681070,738560,733420,694020,709920,706990,696520,720420,715910,698920,,
中国香港特别行政区,HKG,一氧化氮排放量（千公吨二氧化碳当量）,EN.ATM.NOXE.KT.CE,,,,,,,,,,,,,,,,,,,,,,,,,,,,,,,,,,,,,,,,,,,,,,,,,,,,,,,,,,,,,,
洪都拉斯,HND,一氧化氮排放量（千公吨二氧化碳当量）,EN.ATM.NOXE.KT.CE,,,,,,,,,,,,,,,,,,,,,,,,,,,,,,,1840,1900,1890,1850,1800,2110,1950,2150,2180,2170,2400,2290,1980,2430,2430,2670,2670,2650,2440,2570,2570,2860,2750,2920,2880,2840,3040,3070,3180,3150,,
重债穷国 (HIPC),HPC,一氧化氮排放量（千公吨二氧化碳当量）,EN.ATM.NOXE.KT.CE,,,,,,,,,,,,,,,,,,,,,,,,,,,,,,,183650,186690,189430,190160,250970,254510,255220,257950,270790,269560,272690,267080,281020,293670,294450,308850,303360,311440,317330,316960,328630,329790,337330,344530,346990,353950,366410,365860,369440,373050,,
克罗地亚,HRV,一氧化氮排放量（千公吨二氧化碳当量）,EN.ATM.NOXE.KT.CE,,,,,,,,,,,,,,,,,,,,,,,,,,,,,,,2940,2660,2770,2300,2340,2280,2260,2630,2120,2240,2390,2210,2400,2300,2640,2490,2920,3080,3420,2240,2500,2630,2330,1730,1700,1840,1610,1740,1740,1720,,
海地,HTI,一氧化氮排放量（千公吨二氧化碳当量）,EN.ATM.NOXE.KT.CE,,,,,,,,,,,,,,,,,,,,,,,,,,,,,,,980,1030,1160,1110,1110,1130,1200,1230,1290,1290,1430,1430,1440,1450,1440,1450,1450,1470,1460,1480,1500,1510,1500,1510,1530,1550,1600,1600,1600,1600,,
匈牙利,HUN,一氧化氮排放量（千公吨二氧化碳当量）,EN.ATM.NOXE.KT.CE,,,,,,,,,,,,,,,,,,,,,,,,,,,,,,,9640,7570,5500,6140,6880,6110,7140,7020,6620,6600,6940,7460,6370,6280,7240,6940,6720,6190,5680,5150,5000,5290,5160,5550,5390,5370,5540,5570,5930,5700,,
只有IBRD,IBD,一氧化氮排放量（千公吨二氧化碳当量）,EN.ATM.NOXE.KT.CE,,,,,,,,,,,,,,,,,,,,,,,,,,,,,,,1186190,1180290,1174450,1159910,1166400,1212650,1238680,1215730,1235610,1249860,1253940,1273950,1309650,1333060,1376510,1402570,1433180,1472120,1491340,1503000,1554330,1583200,1595160,1612090,1630060,1647230,1669850,1702600,1694410,1715440,,
IBRD与IDA,IBT,一氧化氮排放量（千公吨二氧化碳当量）,EN.ATM.NOXE.KT.CE,,,,,,,,,,,,,,,,,,,,,,,,,,,,,,,1504500,1502290,1501240,1488340,1560800,1615170,1645030,1629260,1665520,1682730,1692050,1705170,1757420,1798370,1845970,1892850,1921020,1976810,2006950,2023690,2086980,2123550,2144270,2173400,2198590,2224750,2266220,2304070,2305470,2329510,,
IDA總,IDA,一氧化氮排放量（千公吨二氧化碳当量）,EN.ATM.NOXE.KT.CE,,,,,,,,,,,,,,,,,,,,,,,,,,,,,,,318310,322000,326790,328430,394400,402520,406350,413530,429910,432870,438110,431220,447770,465310,469460,490280,487840,504690,515610,520690,532650,540350,549110,561310,568530,577520,596370,601470,611060,614070,,
IDA混合,IDB,一氧化氮排放量（千公吨二氧化碳当量）,EN.ATM.NOXE.KT.CE,,,,,,,,,,,,,,,,,,,,,,,,,,,,,,,85750,85610,86180,86130,145060,147500,148100,152660,155790,157950,158730,159330,160850,165040,166600,172260,173190,178730,181960,186050,189190,192430,191850,196790,198310,200340,207010,210770,213600,217410,,
印度尼西亚,IDN,一氧化氮排放量（千公吨二氧化碳当量）,EN.ATM.NOXE.KT.CE,,,,,,,,,,,,,,,,,,,,,,,,,,,,,,,59070,59310,61450,60450,62070,64470,66590,64300,65450,63890,65400,65700,68050,68620,70550,71550,73400,74980,77340,80630,80480,83590,85770,83740,86890,86970,88700,94800,98120,98090,,
只有IDA,IDX,一氧化氮排放量（千公吨二氧化碳当量）,EN.ATM.NOXE.KT.CE,,,,,,,,,,,,,,,,,,,,,,,,,,,,,,,232560,236390,240610,242300,249340,255020,258250,260870,274120,274920,279380,271890,286920,300270,302860,318020,314650,325960,333650,334640,343460,347920,357260,364520,370220,377180,389360,390700,397460,396660,,
马恩岛,IMN,一氧化氮排放量（千公吨二氧化碳当量）,EN.ATM.NOXE.KT.CE,,,,,,,,,,,,,,,,,,,,,,,,,,,,,,,,,,,,,,,,,,,,,,,,,,,,,,,,,,,,,,
印度,IND,一氧化氮排放量（千公吨二氧化碳当量）,EN.ATM.NOXE.KT.CE,,,,,,,,,,,,,,,,,,,,,,,,,,,,,,,145180,149330,153480,157020,162730,166240,171220,176430,180340,183380,180080,184240,178250,185440,192090,201730,211310,220830,225510,230500,239140,247020,245260,245550,248290,252300,251100,255810,262510,260170,,
未分类国家,INX,一氧化氮排放量（千公吨二氧化碳当量）,EN.ATM.NOXE.KT.CE,,,,,,,,,,,,,,,,,,,,,,,,,,,,,,,,,,,,,,,,,,,,,,,,,,,,,,,,,,,,,,
爱尔兰,IRL,一氧化氮排放量（千公吨二氧化碳当量）,EN.ATM.NOXE.KT.CE,,,,,,,,,,,,,,,,,,,,,,,,,,,,,,,10030,9780,9850,10180,10370,10350,10220,10310,10750,10720,10610,10380,10680,10070,9760,9510,9350,9180,9140,9390,8940,8820,9320,9260,9210,9330,9380,9730,9510,9250,,
伊朗伊斯兰共和国,IRN,一氧化氮排放量（千公吨二氧化碳当量）,EN.ATM.NOXE.KT.CE,,,,,,,,,,,,,,,,,,,,,,,,,,,,,,,16480,17180,19070,17610,18300,20420,22770,25610,28220,29610,31550,32040,33190,34120,35520,36380,38690,37740,37250,37680,37420,34870,36050,36180,35620,35670,36250,36070,36590,37300,,
伊拉克,IRQ,一氧化氮排放量（千公吨二氧化碳当量）,EN.ATM.NOXE.KT.CE,,,,,,,,,,,,,,,,,,,,,,,,,,,,,,,4160,2830,3500,4500,4410,4120,4020,4230,4330,4170,4240,5900,6150,2970,3300,3860,3800,3670,4040,4710,4630,4950,5200,5220,4700,3770,4130,4710,4780,5670,,
冰岛,ISL,一氧化氮排放量（千公吨二氧化碳当量）,EN.ATM.NOXE.KT.CE,,,,,,,,,,,,,,,,,,,,,,,,,,,,,,,390,380,370,380,370,360,380,380,380,390,380,350,360,360,350,350,380,390,400,350,350,350,360,350,370,380,370,380,380,370,,
以色列,ISR,一氧化氮排放量（千公吨二氧化碳当量）,EN.ATM.NOXE.KT.CE,,,,,,,,,,,,,,,,,,,,,,,,,,,,,,,1760,1740,1810,1840,1920,1960,2100,2130,2160,2110,2200,2210,2200,2270,2350,2330,2340,2510,2400,2190,2280,2390,2480,2450,2470,2560,2570,2630,2650,2720,,
意大利,ITA,一氧化氮排放量（千公吨二氧化碳当量）,EN.ATM.NOXE.KT.CE,,,,,,,,,,,,,,,,,,,,,,,,,,,,,,,26420,26550,25970,25760,25060,25830,26090,25740,26140,26380,26670,25550,26310,25690,27020,25700,20670,20100,18650,17370,16820,16280,16730,16560,16200,16330,16320,16180,15390,15340,,
牙买加,JAM,一氧化氮排放量（千公吨二氧化碳当量）,EN.ATM.NOXE.KT.CE,,,,,,,,,,,,,,,,,,,,,,,,,,,,,,,500,510,500,520,520,530,530,530,540,550,560,560,560,580,570,550,470,450,450,440,440,440,460,450,450,430,440,440,450,450,,
约旦,JOR,一氧化氮排放量（千公吨二氧化碳当量）,EN.ATM.NOXE.KT.CE,,,,,,,,,,,,,,,,,,,,,,,,,,,,,,,480,580,640,640,580,620,590,610,600,600,560,570,600,610,700,760,980,1180,1160,1020,1100,1230,1050,1230,1230,1340,1330,1310,1300,1310,,
日本,JPN,一氧化氮排放量（千公吨二氧化碳当量）,EN.ATM.NOXE.KT.CE,,,,,,,,,,,,,,,,,,,,,,,,,,,,,,,27620,26940,27260,27210,28690,28450,29430,29930,28440,22230,24860,21620,21650,21750,22340,21970,21860,20860,20620,20270,20080,19300,18760,19340,19260,18720,18750,18880,18800,18700,,
哈萨克斯坦,KAZ,一氧化氮排放量（千公吨二氧化碳当量）,EN.ATM.NOXE.KT.CE,,,,,,,,,,,,,,,,,,,,,,,,,,,,,,,18780,17860,15950,14730,13880,11760,10180,8840,7460,6920,6690,7440,11840,8650,9650,10010,10950,10060,10340,9590,11050,10000,9770,8890,10220,10890,10130,13380,11000,12170,,
肯尼亚,KEN,一氧化氮排放量（千公吨二氧化碳当量）,EN.ATM.NOXE.KT.CE,,,,,,,,,,,,,,,,,,,,,,,,,,,,,,,10380,10030,9980,9880,10000,9860,9480,9440,9760,10240,9530,9610,9920,10600,11080,11020,10600,16320,16330,15810,16010,16630,16460,16390,17350,16870,18030,16650,17310,19880,,
吉尔吉斯斯坦,KGZ,一氧化氮排放量（千公吨二氧化碳当量）,EN.ATM.NOXE.KT.CE,,,,,,,,,,,,,,,,,,,,,,,,,,,,,,,2400,2240,2020,1850,1610,1320,1280,1240,1300,1310,1320,1340,1240,1380,1370,1410,1410,1450,1490,1640,1640,1690,1760,1830,1890,1800,1840,1810,1950,1920,,
柬埔寨,KHM,一氧化氮排放量（千公吨二氧化碳当量）,EN.ATM.NOXE.KT.CE,,,,,,,,,,,,,,,,,,,,,,,,,,,,,,,2730,2780,2970,3060,3010,3310,3510,3440,3330,3710,3390,3210,3370,3530,3690,3630,3990,4130,4150,4360,4320,4540,4320,4340,4320,4580,4380,4920,4840,4720,,
基里巴斯,KIR,一氧化氮排放量（千公吨二氧化碳当量）,EN.ATM.NOXE.KT.CE,,,,,,,,,,,,,,,,,,,,,,,,,,,,,,,0,0,0,0,0,0,0,0,0,0,0,0,0,0,0,0,0,0,0,0,0,0,0,0,0,0,0,10,10,10,,
圣基茨和尼维斯,KNA,一氧化氮排放量（千公吨二氧化碳当量）,EN.ATM.NOXE.KT.CE,,,,,,,,,,,,,,,,,,,,,,,,,,,,,,,10,10,10,10,10,10,10,10,10,10,10,10,10,10,10,10,10,10,10,10,10,10,10,10,10,10,10,10,10,10,,
大韩民国,KOR,一氧化氮排放量（千公吨二氧化碳当量）,EN.ATM.NOXE.KT.CE,,,,,,,,,,,,,,,,,,,,,,,,,,,,,,,7730,7870,10210,10450,10940,11840,12450,13550,13300,14150,15020,15230,14940,18220,20840,19370,18020,9780,8970,8930,9260,9380,9540,9600,9600,9870,10010,10180,10310,10330,,
科威特,KWT,一氧化氮排放量（千公吨二氧化碳当量）,EN.ATM.NOXE.KT.CE,,,,,,,,,,,,,,,,,,,,,,,,,,,,,,,290,170,240,300,330,360,400,410,440,480,490,480,530,550,560,600,630,650,710,760,750,780,820,850,860,910,920,960,980,990,,
拉丁美洲与加勒比海地区（不包括高收入）,LAC,一氧化氮排放量（千公吨二氧化碳当量）,EN.ATM.NOXE.KT.CE,,,,,,,,,,,,,,,,,,,,,,,,,,,,,,,245110,245480,246330,247890,251530,253920,247930,252960,261850,261420,263750,272930,281860,293850,305450,307910,307120,319410,309620,302140,325390,326790,328270,332180,335160,332300,344860,357950,351200,358180,,
老挝,LAO,一氧化氮排放量（千公吨二氧化碳当量）,EN.ATM.NOXE.KT.CE,,,,,,,,,,,,,,,,,,,,,,,,,,,,,,,1450,1480,1560,1570,1650,1690,1660,1700,1580,1500,1670,1730,1820,1870,2030,2040,1990,2210,2160,2270,2510,2310,2510,2590,2590,2720,2900,2830,2810,2860,,
黎巴嫩,LBN,一氧化氮排放量（千公吨二氧化碳当量）,EN.ATM.NOXE.KT.CE,,,,,,,,,,,,,,,,,,,,,,,,,,,,,,,400,430,470,520,480,580,580,600,620,620,620,650,610,640,670,600,570,580,610,670,680,780,860,820,850,890,930,950,900,940,,
利比里亚,LBR,一氧化氮排放量（千公吨二氧化碳当量）,EN.ATM.NOXE.KT.CE,,,,,,,,,,,,,,,,,,,,,,,,,,,,,,,180,170,170,160,150,150,140,160,160,160,170,170,170,180,180,170,200,210,230,350,260,270,280,270,310,360,310,310,310,350,,
利比亚,LBY,一氧化氮排放量（千公吨二氧化碳当量）,EN.ATM.NOXE.KT.CE,,,,,,,,,,,,,,,,,,,,,,,,,,,,,,,1240,1230,1160,1200,1180,1260,1230,1200,1280,1380,1230,1210,1300,1330,1440,1530,1610,1650,1690,1780,1860,1770,1860,1890,1820,1720,1810,1800,1810,1830,,
圣卢西亚,LCA,一氧化氮排放量（千公吨二氧化碳当量）,EN.ATM.NOXE.KT.CE,,,,,,,,,,,,,,,,,,,,,,,,,,,,,,,30,40,40,40,50,70,80,80,40,40,30,40,20,20,20,20,20,30,30,30,30,30,30,30,30,30,30,30,30,30,,
拉丁美洲与加勒比海地区,LCN,一氧化氮排放量（千公吨二氧化碳当量）,EN.ATM.NOXE.KT.CE,,,,,,,,,,,,,,,,,,,,,,,,,,,,,,,268770,269640,270880,272620,276680,279430,273760,278760,287700,287200,290180,300160,309260,321930,334420,337260,336910,350100,341970,334290,356630,357110,360360,363990,366420,362820,375140,387780,380940,388300,,
最不发达国家：联合国分类,LDC,一氧化氮排放量（千公吨二氧化碳当量）,EN.ATM.NOXE.KT.CE,,,,,,,,,,,,,,,,,,,,,,,,,,,,,,,229230,233600,238110,240020,247150,252480,254360,256160,270110,270330,274370,268030,283780,298060,301660,313920,309090,321580,329000,330320,340470,343940,352370,359960,365490,372960,384460,386810,391700,392380,,
低收入国家,LIC,一氧化氮排放量（千公吨二氧化碳当量）,EN.ATM.NOXE.KT.CE,,,,,,,,,,,,,,,,,,,,,,,,,,,,,,,160920,164010,167500,168440,174310,176080,177960,179910,190540,188470,191520,184880,197490,208170,210530,221290,217640,226370,232210,231450,237200,238070,246140,249850,253520,258070,268530,267990,271950,270440,,
列支敦士登,LIE,一氧化氮排放量（千公吨二氧化碳当量）,EN.ATM.NOXE.KT.CE,,,,,,,,,,,,,,,,,,,,,,,,,,,,,,,0,0,0,0,0,0,0,0,0,0,0,0,0,0,0,0,0,0,0,0,0,0,0,0,0,0,0,0,0,0,,
斯里兰卡,LKA,一氧化氮排放量（千公吨二氧化碳当量）,EN.ATM.NOXE.KT.CE,,,,,,,,,,,,,,,,,,,,,,,,,,,,,,,2180,2120,2210,2310,2370,2330,2290,2320,2300,2490,2450,2440,2660,2470,2550,2750,2700,2610,2950,2780,2760,3040,2830,2590,3120,3220,2530,2370,2240,2450,,
中低等收入国家,LMC,一氧化氮排放量（千公吨二氧化碳当量）,EN.ATM.NOXE.KT.CE,,,,,,,,,,,,,,,,,,,,,,,,,,,,,,,503270,508160,513560,512810,580430,593060,603020,613930,628970,636820,643800,647630,653130,672500,688470,709510,724020,747230,757820,776780,793550,811400,813160,825800,834680,847640,858050,878460,892780,900320,,
中低收入国家,LMY,一氧化氮排放量（千公吨二氧化碳当量）,EN.ATM.NOXE.KT.CE,,,,,,,,,,,,,,,,,,,,,,,,,,,,,,,1446220,1449470,1448180,1434460,1507310,1559950,1588810,1572370,1611030,1628630,1635600,1648800,1701870,1740810,1786130,1831730,1859840,1913550,1943850,1965610,2028270,2066230,2085760,2116490,2143240,2169440,2210260,2248180,2249580,2273110,,
莱索托,LSO,一氧化氮排放量（千公吨二氧化碳当量）,EN.ATM.NOXE.KT.CE,,,,,,,,,,,,,,,,,,,,,,,,,,,,,,,600,580,640,630,620,580,580,570,530,730,700,680,600,620,590,660,650,670,620,620,620,630,620,580,570,570,550,610,590,560,,
後期人口紅利,LTE,一氧化氮排放量（千公吨二氧化碳当量）,EN.ATM.NOXE.KT.CE,,,,,,,,,,,,,,,,,,,,,,,,,,,,,,,697820,695830,690420,677580,682340,720090,736730,706340,717390,729920,726870,737800,773100,785570,814530,825160,838750,860600,870830,878890,908960,918310,933140,946870,967140,982120,992370,1005040,993380,1008700,,
立陶宛,LTU,一氧化氮排放量（千公吨二氧化碳当量）,EN.ATM.NOXE.KT.CE,,,,,,,,,,,,,,,,,,,,,,,,,,,,,,,5730,5520,4760,4160,3760,3650,4120,4230,4480,4470,4680,4740,4990,5090,5320,5570,5520,6300,6000,3920,3820,4160,3980,3740,3810,3820,3680,3720,3570,3650,,
卢森堡,LUX,一氧化氮排放量（千公吨二氧化碳当量）,EN.ATM.NOXE.KT.CE,,,,,,,,,,,,,,,,,,,,,,,,,,,,,,,300,320,320,320,320,310,320,320,320,340,260,260,340,350,380,370,370,370,380,370,370,380,360,360,360,360,360,370,370,380,,
拉脱维亚,LVA,一氧化氮排放量（千公吨二氧化碳当量）,EN.ATM.NOXE.KT.CE,,,,,,,,,,,,,,,,,,,,,,,,,,,,,,,2560,2410,2390,2040,1690,1430,1450,1460,1500,1480,1440,1520,1520,1460,1550,1580,1600,1660,1700,1700,1730,1750,1820,1840,1880,1960,1940,1930,1860,1940,,
中国澳门特别行政区,MAC,一氧化氮排放量（千公吨二氧化碳当量）,EN.ATM.NOXE.KT.CE,,,,,,,,,,,,,,,,,,,,,,,,,,,,,,,,,,,,,,,,,,,,,,,,,,,,,,,,,,,,,,
圣马丁（法属）,MAF,一氧化氮排放量（千公吨二氧化碳当量）,EN.ATM.NOXE.KT.CE,,,,,,,,,,,,,,,,,,,,,,,,,,,,,,,,,,,,,,,,,,,,,,,,,,,,,,,,,,,,,,
摩洛哥,MAR,一氧化氮排放量（千公吨二氧化碳当量）,EN.ATM.NOXE.KT.CE,,,,,,,,,,,,,,,,,,,,,,,,,,,,,,,6330,6180,5660,5410,6110,5690,6320,6420,6600,6880,6950,7060,7380,7400,7730,8110,8490,7930,8030,7900,8070,8440,8000,8770,8670,9090,7830,9210,9370,8890,,
摩纳哥,MCO,一氧化氮排放量（千公吨二氧化碳当量）,EN.ATM.NOXE.KT.CE,,,,,,,,,,,,,,,,,,,,,,,,,,,,,,,,,,,,,,,,,,,,,,,,,,,,,,,,,,,,,,
摩尔多瓦,MDA,一氧化氮排放量（千公吨二氧化碳当量）,EN.ATM.NOXE.KT.CE,,,,,,,,,,,,,,,,,,,,,,,,,,,,,,,2140,1990,1610,1500,1440,1460,1390,1060,890,820,780,940,870,830,870,860,820,810,830,730,810,880,850,940,1000,920,1040,1080,1180,1080,,
马达加斯加,MDG,一氧化氮排放量（千公吨二氧化碳当量）,EN.ATM.NOXE.KT.CE,,,,,,,,,,,,,,,,,,,,,,,,,,,,,,,8170,8190,8220,8280,8270,8350,8410,8170,8440,8190,7840,7550,6840,7850,7090,8700,8080,8780,8140,8490,8430,8470,8680,8460,8440,8510,9040,8600,8640,8460,,
马尔代夫,MDV,一氧化氮排放量（千公吨二氧化碳当量）,EN.ATM.NOXE.KT.CE,,,,,,,,,,,,,,,,,,,,,,,,,,,,,,,0,0,0,0,0,0,0,0,0,0,10,10,10,10,10,10,10,10,10,10,10,10,10,10,10,10,10,10,10,10,,
中东与北非地区,MEA,一氧化氮排放量（千公吨二氧化碳当量）,EN.ATM.NOXE.KT.CE,,,,,,,,,,,,,,,,,,,,,,,,,,,,,,,62990,63160,65930,66210,66550,70020,74520,77890,83050,85150,91260,93990,96930,96460,101400,103120,107630,107760,107720,109780,110230,110270,111580,112800,112110,112440,113040,114320,114580,117550,,
墨西哥,MEX,一氧化氮排放量（千公吨二氧化碳当量）,EN.ATM.NOXE.KT.CE,,,,,,,,,,,,,,,,,,,,,,,,,,,,,,,37770,36740,36780,37300,37530,36710,37500,37460,38740,37930,38140,38610,35980,36650,36700,38930,38260,39280,38460,39020,39620,40370,41910,44080,39320,39360,43600,43880,43120,44150,,
马绍尔群岛,MHL,一氧化氮排放量（千公吨二氧化碳当量）,EN.ATM.NOXE.KT.CE,,,,,,,,,,,,,,,,,,,,,,,,,,,,,,,0,0,0,0,0,0,0,0,0,0,0,0,0,0,0,0,0,0,0,0,0,0,0,0,0,0,0,0,0,0,,
中等收入国家,MIC,一氧化氮排放量（千公吨二氧化碳当量）,EN.ATM.NOXE.KT.CE,,,,,,,,,,,,,,,,,,,,,,,,,,,,,,,1285300,1285460,1280680,1266020,1333000,1383870,1410850,1392460,1420490,1440160,1444080,1463920,1504380,1532640,1575600,1610440,1642200,1687180,1711640,1734160,1791070,1828160,1839620,1866640,1889720,1911370,1941730,1980190,1977630,2002670,,
北马其顿,MKD,一氧化氮排放量（千公吨二氧化碳当量）,EN.ATM.NOXE.KT.CE,,,,,,,,,,,,,,,,,,,,,,,,,,,,,,,960,900,680,730,980,940,940,870,800,730,690,620,580,570,610,600,590,590,570,550,570,570,540,550,560,560,590,580,560,540,,
马里,MLI,一氧化氮排放量（千公吨二氧化碳当量）,EN.ATM.NOXE.KT.CE,,,,,,,,,,,,,,,,,,,,,,,,,,,,,,,6200,6170,6180,6270,6330,6420,6790,6890,7310,7910,8100,7650,7850,8050,9100,9290,9410,9530,10150,9930,10670,10800,10950,11470,11580,12000,13530,13440,13630,14260,,
马耳他,MLT,一氧化氮排放量（千公吨二氧化碳当量）,EN.ATM.NOXE.KT.CE,,,,,,,,,,,,,,,,,,,,,,,,,,,,,,,60,60,70,70,70,70,60,70,70,60,60,60,60,60,60,60,60,60,60,60,60,50,60,70,70,70,60,50,50,50,,
缅甸,MMR,一氧化氮排放量（千公吨二氧化碳当量）,EN.ATM.NOXE.KT.CE,,,,,,,,,,,,,,,,,,,,,,,,,,,,,,,11070,11110,11320,11570,12080,12330,12580,12560,12830,13240,13690,13360,13390,14050,14900,14890,15480,16210,16210,16810,17290,17680,18300,19060,20140,20110,20610,22080,23040,23480,,
中东与北非地区（不包括高收入）,MNA,一氧化氮排放量（千公吨二氧化碳当量）,EN.ATM.NOXE.KT.CE,,,,,,,,,,,,,,,,,,,,,,,,,,,,,,,54760,54750,57060,57290,57610,61400,65520,68560,73420,75480,81190,83690,86280,85440,89970,91640,95850,95230,95520,97740,97690,97040,97880,98240,97370,97080,97440,98660,99010,101710,,
黑山,MNE,一氧化氮排放量（千公吨二氧化碳当量）,EN.ATM.NOXE.KT.CE,,,,,,,,,,,,,,,,,,,,,,,,,,,,,,,170,160,130,120,120,140,140,150,140,140,120,140,130,120,160,170,180,180,170,160,160,150,160,150,150,160,160,160,150,150,,
蒙古,MNG,一氧化氮排放量（千公吨二氧化碳当量）,EN.ATM.NOXE.KT.CE,,,,,,,,,,,,,,,,,,,,,,,,,,,,,,,8290,8450,8390,8320,8200,8510,8760,9200,9270,9440,9630,8750,8060,8110,7980,8420,9020,9820,9910,9930,8640,9530,10240,10550,11500,12250,12710,13250,13210,13890,,
北马里亚纳群岛,MNP,一氧化氮排放量（千公吨二氧化碳当量）,EN.ATM.NOXE.KT.CE,,,,,,,,,,,,,,,,,,,,,,,,,,,,,,,,,,,,,,,,,,,,,,,,,,,,,,,,,,,,,,
莫桑比克,MOZ,一氧化氮排放量（千公吨二氧化碳当量）,EN.ATM.NOXE.KT.CE,,,,,,,,,,,,,,,,,,,,,,,,,,,,,,,8060,8130,8200,8300,8380,8450,8290,7480,8580,8140,7550,8520,9130,9290,8930,9570,8960,9370,10090,8920,9990,9310,9590,9770,9990,9410,8760,8710,9820,9470,,
毛里塔尼亚,MRT,一氧化氮排放量（千公吨二氧化碳当量）,EN.ATM.NOXE.KT.CE,,,,,,,,,,,,,,,,,,,,,,,,,,,,,,,1840,1900,1810,1860,1820,1830,2040,2130,2290,2460,2660,2660,2590,2620,2610,2640,2780,2810,2520,2730,2880,2840,2940,3010,2980,3160,3290,3230,3220,3300,,
毛里求斯,MUS,一氧化氮排放量（千公吨二氧化碳当量）,EN.ATM.NOXE.KT.CE,,,,,,,,,,,,,,,,,,,,,,,,,,,,,,,230,240,240,240,260,260,270,270,280,290,300,240,280,280,270,270,260,270,260,250,250,260,260,240,250,220,240,240,240,240,,
马拉维,MWI,一氧化氮排放量（千公吨二氧化碳当量）,EN.ATM.NOXE.KT.CE,,,,,,,,,,,,,,,,,,,,,,,,,,,,,,,1270,1380,1390,1420,1090,1270,1370,1390,1450,1430,1520,1360,1650,1750,1780,1810,2000,2200,2430,2390,2790,2850,2880,2990,3410,3530,3390,3730,4480,4710,,
马来西亚,MYS,一氧化氮排放量（千公吨二氧化碳当量）,EN.ATM.NOXE.KT.CE,,,,,,,,,,,,,,,,,,,,,,,,,,,,,,,7040,6860,7210,7340,7420,7490,7440,8290,8790,8660,8810,8920,9590,10400,11090,11470,11500,11990,12710,11420,12960,13210,13500,12940,13520,13220,13300,13020,12370,13020,,
北美,NAC,一氧化氮排放量（千公吨二氧化碳当量）,EN.ATM.NOXE.KT.CE,,,,,,,,,,,,,,,,,,,,,,,,,,,,,,,280490,279270,284250,287160,296330,299930,309040,300700,294040,289080,286190,280710,283050,290750,293900,297130,298200,309680,295100,284190,291620,303910,298910,301600,302520,301060,306670,306650,310030,306450,,
纳米比亚,NAM,一氧化氮排放量（千公吨二氧化碳当量）,EN.ATM.NOXE.KT.CE,,,,,,,,,,,,,,,,,,,,,,,,,,,,,,,3440,3530,3470,3380,3380,3360,3220,3090,3380,3370,3730,3520,2980,3230,3440,3500,4340,3970,2980,4470,4110,6600,7200,3570,3010,2960,3230,3270,2850,2330,,
新喀里多尼亚,NCL,一氧化氮排放量（千公吨二氧化碳当量）,EN.ATM.NOXE.KT.CE,,,,,,,,,,,,,,,,,,,,,,,,,,,,,,,,,,,,,,,,,,,,,,,,,,,,,,,,,,,,,,
尼日尔,NER,一氧化氮排放量（千公吨二氧化碳当量）,EN.ATM.NOXE.KT.CE,,,,,,,,,,,,,,,,,,,,,,,,,,,,,,,3650,3810,4010,4180,4340,4570,4780,4930,5250,5500,5690,6000,6240,6500,6730,7090,7390,7740,8140,8440,8400,8620,9180,9590,10120,10480,11050,11540,12110,12590,,
尼日利亚,NGA,一氧化氮排放量（千公吨二氧化碳当量）,EN.ATM.NOXE.KT.CE,,,,,,,,,,,,,,,,,,,,,,,,,,,,,,,20310,20760,21220,21820,22200,22390,23280,24040,25580,25910,26310,26650,26970,28110,28220,30270,30210,29710,30450,29850,32200,33230,34400,35430,35960,36060,38530,39680,40050,40280,,
尼加拉瓜,NIC,一氧化氮排放量（千公吨二氧化碳当量）,EN.ATM.NOXE.KT.CE,,,,,,,,,,,,,,,,,,,,,,,,,,,,,,,2080,1720,1860,2010,1940,1830,1770,1860,1840,2060,2110,2110,2300,2490,2340,2530,2520,2520,2500,2580,2630,2880,3030,3010,3240,3330,3390,3370,3320,3470,,
荷兰,NLD,一氧化氮排放量（千公吨二氧化碳当量）,EN.ATM.NOXE.KT.CE,,,,,,,,,,,,,,,,,,,,,,,,,,,,,,,15800,15930,15990,16350,16040,15650,15590,15340,15020,14780,14320,13680,13140,12990,13630,13590,13540,12120,8620,8560,8350,8210,8290,8200,8500,8830,8600,8400,7960,8120,,
挪威,NOR,一氧化氮排放量（千公吨二氧化碳当量）,EN.ATM.NOXE.KT.CE,,,,,,,,,,,,,,,,,,,,,,,,,,,,,,,5030,4890,4350,4560,4650,4680,4690,4670,4720,4950,4720,4650,4860,4710,4860,4960,4620,4410,4010,3440,3330,3300,3290,3280,3330,3350,3380,3390,3360,3400,,
尼泊尔,NPL,一氧化氮排放量（千公吨二氧化碳当量）,EN.ATM.NOXE.KT.CE,,,,,,,,,,,,,,,,,,,,,,,,,,,,,,,4110,4150,4140,4200,4360,4520,4620,4690,4820,4770,4800,4840,4750,4740,4860,4900,5000,5050,5200,5490,5670,5930,6000,6280,6510,6540,6750,6750,7100,7120,,
瑙魯,NRU,一氧化氮排放量（千公吨二氧化碳当量）,EN.ATM.NOXE.KT.CE,,,,,,,,,,,,,,,,,,,,,,,,,,,,,,,0,0,0,0,0,0,0,0,0,0,0,0,0,0,0,0,0,0,0,0,0,0,0,0,0,0,0,0,0,0,,
新西兰,NZL,一氧化氮排放量（千公吨二氧化碳当量）,EN.ATM.NOXE.KT.CE,,,,,,,,,,,,,,,,,,,,,,,,,,,,,,,15030,14790,14610,14510,14940,15340,14880,14810,14480,14880,14790,14930,15700,15980,15270,15390,15230,15140,14650,14470,14360,14540,14760,14740,14900,15180,15100,15150,15190,15070,,
经合组织成员,OED,一氧化氮排放量（千公吨二氧化碳当量）,EN.ATM.NOXE.KT.CE,,,,,,,,,,,,,,,,,,,,,,,,,,,,,,,869720,854340,846340,844540,859780,860770,876530,863560,842010,828220,832090,830440,818310,789830,821610,796250,806750,809640,762110,742290,732340,789110,786950,750110,761630,757870,753450,777490,773000,758720,,
阿曼,OMN,一氧化氮排放量（千公吨二氧化碳当量）,EN.ATM.NOXE.KT.CE,,,,,,,,,,,,,,,,,,,,,,,,,,,,,,,310,340,360,380,400,420,420,430,470,480,480,510,510,520,550,610,630,680,730,730,770,820,860,970,990,1030,1040,1030,1050,1060,,
其他小国,OSS,一氧化氮排放量（千公吨二氧化碳当量）,EN.ATM.NOXE.KT.CE,,,,,,,,,,,,,,,,,,,,,,,,,,,,,,,14050,13870,13570,13180,13270,13550,14100,13690,13530,13600,13760,14660,14370,11130,11660,12320,14360,13230,16780,13530,19220,23880,18280,14180,12320,12070,11940,13850,12240,10940,,
巴基斯坦,PAK,一氧化氮排放量（千公吨二氧化碳当量）,EN.ATM.NOXE.KT.CE,,,,,,,,,,,,,,,,,,,,,,,,,,,,,,,27740,28110,29740,30560,33470,35810,36000,37140,37640,38990,39910,40340,41520,42690,44080,46380,47940,48040,50100,54370,53510,54510,53140,56510,57070,58250,60970,64620,65740,66670,,
巴拿马,PAN,一氧化氮排放量（千公吨二氧化碳当量）,EN.ATM.NOXE.KT.CE,,,,,,,,,,,,,,,,,,,,,,,,,,,,,,,1120,1110,1170,1200,1160,1160,1200,1120,1150,1120,1100,1210,1210,1250,1220,1230,1260,1220,1280,1310,1330,1340,1410,1440,1350,1330,1300,1300,1310,1310,,
秘鲁,PER,一氧化氮排放量（千公吨二氧化碳当量）,EN.ATM.NOXE.KT.CE,,,,,,,,,,,,,,,,,,,,,,,,,,,,,,,6010,5830,5770,5970,6550,6940,7140,7280,7580,7900,8190,8190,8400,8480,8540,8550,8750,9160,9060,9580,9450,9620,9690,9750,9650,9900,9980,10240,9810,10150,,
菲律宾,PHL,一氧化氮排放量（千公吨二氧化碳当量）,EN.ATM.NOXE.KT.CE,,,,,,,,,,,,,,,,,,,,,,,,,,,,,,,8960,8320,8700,9180,9380,9600,10450,11170,10190,10870,11040,11280,11080,12000,12550,12110,11580,12060,11460,11760,12760,12200,11960,12410,12930,12610,13360,14450,13780,14070,,
帕劳,PLW,一氧化氮排放量（千公吨二氧化碳当量）,EN.ATM.NOXE.KT.CE,,,,,,,,,,,,,,,,,,,,,,,,,,,,,,,,,,,,,,,,,,,,,,,,,,,,,,,,,,,,,,
巴布亚新几内亚,PNG,一氧化氮排放量（千公吨二氧化碳当量）,EN.ATM.NOXE.KT.CE,,,,,,,,,,,,,,,,,,,,,,,,,,,,,,,2930,2940,2960,2960,2970,3210,3150,3260,3210,3360,3500,3580,3690,3710,3870,3700,3730,3620,3590,3610,3600,3550,3590,3590,3650,3740,3570,3630,3770,3660,,
波兰,POL,一氧化氮排放量（千公吨二氧化碳当量）,EN.ATM.NOXE.KT.CE,,,,,,,,,,,,,,,,,,,,,,,,,,,,,,,24620,23750,22790,23340,23550,24020,24010,24400,23030,22650,22970,22800,22320,22960,23040,23850,24200,25170,24050,20780,21560,21250,21680,20800,20290,20500,21420,21500,21400,21680,,
預人口紅利,PRE,一氧化氮排放量（千公吨二氧化碳当量）,EN.ATM.NOXE.KT.CE,,,,,,,,,,,,,,,,,,,,,,,,,,,,,,,209070,211320,215460,220780,282590,285560,284760,287590,301580,300310,305480,300010,312850,327250,328020,342220,332450,344670,349570,347610,357380,361890,369330,376150,378120,382470,397250,395090,399230,403160,,
波多黎各,PRI,一氧化氮排放量（千公吨二氧化碳当量）,EN.ATM.NOXE.KT.CE,,,,,,,,,,,,,,,,,,,,,,,,,,,,,,,,,,,,,,,,,,,,,,,,,,,,,,,,,,,,,,
朝鲜民主主义人民共和国,PRK,一氧化氮排放量（千公吨二氧化碳当量）,EN.ATM.NOXE.KT.CE,,,,,,,,,,,,,,,,,,,,,,,,,,,,,,,4510,4750,4840,4980,5060,4330,3650,3140,2850,2480,2090,2200,2230,2310,2370,2460,2440,2340,2410,2330,2310,2290,2340,2270,2280,2250,2280,2380,2330,2430,,
葡萄牙,PRT,一氧化氮排放量（千公吨二氧化碳当量）,EN.ATM.NOXE.KT.CE,,,,,,,,,,,,,,,,,,,,,,,,,,,,,,,4020,3920,3830,3730,3690,3820,3920,3870,4020,3990,4000,3700,4110,3810,3940,3770,3620,3790,3690,3410,3360,3090,3100,3110,3240,3230,3170,3270,2950,2980,,
巴拉圭,PRY,一氧化氮排放量（千公吨二氧化碳当量）,EN.ATM.NOXE.KT.CE,,,,,,,,,,,,,,,,,,,,,,,,,,,,,,,12680,10570,8940,7590,6100,6470,6030,6090,6180,6430,6290,7280,7170,7810,7060,7530,7520,8500,7820,8000,8740,9160,9210,9930,10180,10020,10130,10950,10080,10440,,
约旦河西岸和加沙,PSE,一氧化氮排放量（千公吨二氧化碳当量）,EN.ATM.NOXE.KT.CE,,,,,,,,,,,,,,,,,,,,,,,,,,,,,,,,,,,,,,,,,,,,,,,,,,,,,,,,,,,,,,
太平洋岛国,PSS,一氧化氮排放量（千公吨二氧化碳当量）,EN.ATM.NOXE.KT.CE,,,,,,,,,,,,,,,,,,,,,,,,,,,,,,,550,550,550,600,610,640,640,640,620,610,580,590,600,570,600,590,580,610,620,600,600,620,630,630,460,480,470,500,490,530,,
人口紅利之後,PST,一氧化氮排放量（千公吨二氧化碳当量）,EN.ATM.NOXE.KT.CE,,,,,,,,,,,,,,,,,,,,,,,,,,,,,,,815130,800080,783890,774680,789570,788740,799360,785990,758910,746250,749800,750230,740820,708980,739670,710170,718960,720360,679280,656040,645810,708040,700000,662920,679570,674930,663710,688210,684490,666680,,
法属波利尼西亚,PYF,一氧化氮排放量（千公吨二氧化碳当量）,EN.ATM.NOXE.KT.CE,,,,,,,,,,,,,,,,,,,,,,,,,,,,,,,,,,,,,,,,,,,,,,,,,,,,,,,,,,,,,,
卡塔尔,QAT,一氧化氮排放量（千公吨二氧化碳当量）,EN.ATM.NOXE.KT.CE,,,,,,,,,,,,,,,,,,,,,,,,,,,,,,,100,100,110,120,150,160,140,140,140,140,150,140,150,160,170,180,210,330,370,390,410,440,450,480,530,560,610,630,620,650,,
罗马尼亚,ROU,一氧化氮排放量（千公吨二氧化碳当量）,EN.ATM.NOXE.KT.CE,,,,,,,,,,,,,,,,,,,,,,,,,,,,,,,18070,12940,13260,13100,11640,11790,11810,11350,10360,9720,10520,10250,9280,9910,11050,11130,10110,10140,9230,8670,9190,9110,8380,8580,8310,8530,8630,8890,8950,8940,,
俄罗斯联邦,RUS,一氧化氮排放量（千公吨二氧化碳当量）,EN.ATM.NOXE.KT.CE,,,,,,,,,,,,,,,,,,,,,,,,,,,,,,,105590,99750,91050,83090,69730,64560,61060,56720,52380,50370,51670,54340,54270,55000,50790,50750,50940,51980,56580,54980,53340,56050,54920,55230,57350,57100,59570,60310,60930,61740,,
卢旺达,RWA,一氧化氮排放量（千公吨二氧化碳当量）,EN.ATM.NOXE.KT.CE,,,,,,,,,,,,,,,,,,,,,,,,,,,,,,,880,900,870,840,800,700,750,790,830,900,930,980,1040,1130,1200,1280,1390,1470,1560,1600,1700,1640,1700,1750,1720,1980,1910,1940,1890,1890,,
南亚,SAS,一氧化氮排放量（千公吨二氧化碳当量）,EN.ATM.NOXE.KT.CE,,,,,,,,,,,,,,,,,,,,,,,,,,,,,,,198590,203970,210090,215050,224370,231750,237750,244040,248880,254940,252200,256880,253280,261100,269470,282590,294640,304260,313850,323010,331930,342500,338670,342580,347880,353400,353930,363520,371730,370460,,
沙特阿拉伯,SAU,一氧化氮排放量（千公吨二氧化碳当量）,EN.ATM.NOXE.KT.CE,,,,,,,,,,,,,,,,,,,,,,,,,,,,,,,5150,5380,5610,5500,5310,4840,5040,5290,5460,5480,5720,5870,6030,6210,6460,6340,6500,6840,6350,6240,6540,7020,7280,7830,7870,8310,8380,8170,8070,8250,,
苏丹,SDN,一氧化氮排放量（千公吨二氧化碳当量）,EN.ATM.NOXE.KT.CE,,,,,,,,,,,,,,,,,,,,,,,,,,,,,,,17160,17680,19030,20030,21170,21480,22510,23180,24440,24880,26360,23730,25190,25710,26070,27170,25620,27200,26870,27450,25970,25990,27360,27790,27730,27900,29270,28890,29270,29020,,
塞内加尔,SEN,一氧化氮排放量（千公吨二氧化碳当量）,EN.ATM.NOXE.KT.CE,,,,,,,,,,,,,,,,,,,,,,,,,,,,,,,3780,3880,3940,4050,4110,4110,4340,4230,4130,4480,4960,4570,4220,3840,4420,4560,4690,4350,4620,4650,4970,5080,4760,5010,4910,4860,5370,5490,5360,5650,,
新加坡,SGP,一氧化氮排放量（千公吨二氧化碳当量）,EN.ATM.NOXE.KT.CE,,,,,,,,,,,,,,,,,,,,,,,,,,,,,,,230,1860,3490,5130,6780,8420,8620,8820,9030,9240,9510,9200,8880,8580,8280,7950,7730,7490,7250,6990,6750,7110,7420,7740,8060,8390,8780,9180,9550,9940,,
所罗门群岛,SLB,一氧化氮排放量（千公吨二氧化碳当量）,EN.ATM.NOXE.KT.CE,,,,,,,,,,,,,,,,,,,,,,,,,,,,,,,20,20,20,20,20,20,20,20,20,20,20,20,20,20,20,20,20,20,20,20,20,20,20,20,20,20,20,20,20,20,,
塞拉利昂,SLE,一氧化氮排放量（千公吨二氧化碳当量）,EN.ATM.NOXE.KT.CE,,,,,,,,,,,,,,,,,,,,,,,,,,,,,,,920,910,930,940,950,940,510,500,480,460,440,630,680,1060,1180,1110,1660,1580,1120,1240,1020,1180,1570,1460,1580,1700,1610,1510,1320,1300,,
萨尔瓦多,SLV,一氧化氮排放量（千公吨二氧化碳当量）,EN.ATM.NOXE.KT.CE,,,,,,,,,,,,,,,,,,,,,,,,,,,,,,,1240,1280,1300,1270,1230,1150,1340,1360,1220,1290,1160,1240,1200,1210,1300,1440,1390,1490,1570,1480,1490,1450,1420,1280,1210,1250,1200,1240,1160,1170,,
圣马力诺,SMR,一氧化氮排放量（千公吨二氧化碳当量）,EN.ATM.NOXE.KT.CE,,,,,,,,,,,,,,,,,,,,,,,,,,,,,,,,,,,,,,,,,,,,,,,,,,,,,,,,,,,,,,
索马里,SOM,一氧化氮排放量（千公吨二氧化碳当量）,EN.ATM.NOXE.KT.CE,,,,,,,,,,,,,,,,,,,,,,,,,,,,,,,6730,5710,5010,5710,6390,6580,6730,6870,6740,6690,6750,6910,7000,7070,7160,7310,6850,6380,6370,6370,6420,6440,6520,6540,6550,6530,6460,6370,6320,6190,,
塞尔维亚,SRB,一氧化氮排放量（千公吨二氧化碳当量）,EN.ATM.NOXE.KT.CE,,,,,,,,,,,,,,,,,,,,,,,,,,,,,,,5430,4940,4040,3930,3930,4450,4560,4860,4540,4160,3750,4280,4260,4070,5220,4950,4700,4980,4470,5070,4260,4380,4880,4890,4140,3910,4260,3950,3480,3950,,
撒哈拉以南非洲地区（不包括高收入）,SSA,一氧化氮排放量（千公吨二氧化碳当量）,EN.ATM.NOXE.KT.CE,,,,,,,,,,,,,,,,,,,,,,,,,,,,,,,264520,267560,271230,272620,335110,338340,341360,343780,360410,358320,362820,356740,372450,384700,386230,402820,396150,411440,420760,416670,433910,442540,445920,448970,450270,456550,470930,473120,475840,476850,,
南苏丹,SSD,一氧化氮排放量（千公吨二氧化碳当量）,EN.ATM.NOXE.KT.CE,,,,,,,,,,,,,,,,,,,,,,,,,,,,,,,13610,14030,15110,15930,16810,17060,17880,18420,19440,19790,20990,18840,20010,20420,20690,21560,20250,21540,21260,21710,20490,20510,22210,21620,21910,22160,22810,21650,23070,18940,,
撒哈拉以南非洲地区,SSF,一氧化氮排放量（千公吨二氧化碳当量）,EN.ATM.NOXE.KT.CE,,,,,,,,,,,,,,,,,,,,,,,,,,,,,,,264530,267570,271240,272630,335120,338350,341370,343790,360420,358330,362830,356750,372460,384710,386240,402830,396160,411450,420770,416670,433910,442540,445920,448970,450270,456550,470930,473120,475840,476850,,
小国,SST,一氧化氮排放量（千公吨二氧化碳当量）,EN.ATM.NOXE.KT.CE,,,,,,,,,,,,,,,,,,,,,,,,,,,,,,,16420,16290,16000,15650,15750,16180,16790,16400,16210,16330,16450,17360,17170,14020,14620,15120,17110,15990,19690,16380,22090,26770,21250,17220,15210,15020,14830,16720,15170,13930,,
圣多美和普林西比,STP,一氧化氮排放量（千公吨二氧化碳当量）,EN.ATM.NOXE.KT.CE,,,,,,,,,,,,,,,,,,,,,,,,,,,,,,,10,10,10,10,10,10,10,10,10,10,10,10,10,10,10,10,10,10,10,10,10,10,10,10,10,10,20,20,20,20,,
苏里南,SUR,一氧化氮排放量（千公吨二氧化碳当量）,EN.ATM.NOXE.KT.CE,,,,,,,,,,,,,,,,,,,,,,,,,,,,,,,170,160,180,170,170,180,190,190,190,200,210,210,200,200,240,200,240,210,270,260,260,260,260,230,270,270,280,290,240,280,,
斯洛伐克共和国,SVK,一氧化氮排放量（千公吨二氧化碳当量）,EN.ATM.NOXE.KT.CE,,,,,,,,,,,,,,,,,,,,,,,,,,,,,,,3970,2980,2720,2450,2810,2900,3130,3020,2820,2310,2570,2760,2750,2790,2970,2840,3170,2970,2870,2630,2460,2140,2030,1940,2010,1940,2050,1950,2020,2020,,
斯洛文尼亚,SVN,一氧化氮排放量（千公吨二氧化碳当量）,EN.ATM.NOXE.KT.CE,,,,,,,,,,,,,,,,,,,,,,,,,,,,,,,1120,1010,910,880,910,850,800,860,850,820,860,870,850,860,820,820,820,830,830,810,820,830,820,790,790,800,810,810,810,810,,
瑞典,SWE,一氧化氮排放量（千公吨二氧化碳当量）,EN.ATM.NOXE.KT.CE,,,,,,,,,,,,,,,,,,,,,,,,,,,,,,,6070,5840,5950,6140,6030,5870,6040,6020,5970,5810,5840,5560,5510,5500,5540,5420,5390,5280,5450,5210,5430,5190,5110,5140,5350,5440,5460,5660,5440,5640,,
斯威士兰,SWZ,一氧化氮排放量（千公吨二氧化碳当量）,EN.ATM.NOXE.KT.CE,,,,,,,,,,,,,,,,,,,,,,,,,,,,,,,420,440,450,380,390,400,400,400,400,380,370,340,350,380,370,390,350,390,380,360,400,390,390,400,390,370,360,380,380,400,,
圣马丁(荷属),SXM,一氧化氮排放量（千公吨二氧化碳当量）,EN.ATM.NOXE.KT.CE,,,,,,,,,,,,,,,,,,,,,,,,,,,,,,,,,,,,,,,,,,,,,,,,,,,,,,,,,,,,,,
塞舌尔,SYC,一氧化氮排放量（千公吨二氧化碳当量）,EN.ATM.NOXE.KT.CE,,,,,,,,,,,,,,,,,,,,,,,,,,,,,,,10,10,10,10,10,10,10,10,10,10,10,10,10,10,10,10,10,10,10,0,0,0,0,0,0,0,0,0,0,0,,
阿拉伯叙利亚共和国,SYR,一氧化氮排放量（千公吨二氧化碳当量）,EN.ATM.NOXE.KT.CE,,,,,,,,,,,,,,,,,,,,,,,,,,,,,,,3740,3630,3670,3560,3810,4100,4160,4210,4360,4310,4220,3890,4250,4580,4740,5280,5620,5640,5200,4830,4010,4440,4230,3520,3380,3190,3090,2740,2620,3190,,
特克斯科斯群岛,TCA,一氧化氮排放量（千公吨二氧化碳当量）,EN.ATM.NOXE.KT.CE,,,,,,,,,,,,,,,,,,,,,,,,,,,,,,,,,,,,,,,,,,,,,,,,,,,,,,,,,,,,,,
乍得,TCD,一氧化氮排放量（千公吨二氧化碳当量）,EN.ATM.NOXE.KT.CE,,,,,,,,,,,,,,,,,,,,,,,,,,,,,,,5960,8100,8390,8780,9110,9430,10780,10850,11070,11850,13050,11050,11990,12750,13250,14080,14360,15190,15550,15700,16770,17660,18610,19170,19970,21490,23170,23680,25220,25920,,
东亚与太平洋地区 (IBRD与IDA),TEA,一氧化氮排放量（千公吨二氧化碳当量）,EN.ATM.NOXE.KT.CE,,,,,,,,,,,,,,,,,,,,,,,,,,,,,,,423350,432340,442290,435820,453990,500750,531840,502740,514330,531340,528490,529360,552500,562500,583410,593770,609530,626140,640930,662960,676060,687690,704700,719420,734660,751670,758130,765820,764100,773580,,
欧洲与中亚地区 (IBRD与IDA),TEC,一氧化氮排放量（千公吨二氧化碳当量）,EN.ATM.NOXE.KT.CE,,,,,,,,,,,,,,,,,,,,,,,,,,,,,,,301010,279970,255160,239550,217170,207550,198840,195530,184800,179260,180940,182260,187270,186080,185960,188010,191340,193120,197460,192450,194230,200370,200370,203940,205920,207060,214350,218860,217460,222240,,
多哥,TGO,一氧化氮排放量（千公吨二氧化碳当量）,EN.ATM.NOXE.KT.CE,,,,,,,,,,,,,,,,,,,,,,,,,,,,,,,1080,1030,970,960,950,900,940,1050,1240,1100,1170,1060,1190,1240,1110,1550,1320,1180,1290,1390,1400,1680,1500,1650,1540,1770,1740,1730,1720,1790,,
泰国,THA,一氧化氮排放量（千公吨二氧化碳当量）,EN.ATM.NOXE.KT.CE,,,,,,,,,,,,,,,,,,,,,,,,,,,,,,,14430,14840,15680,16900,17020,16450,16700,16170,16160,17030,16080,16560,17340,18840,18480,17900,18090,20010,19580,21620,22620,22210,22440,22270,21210,19820,21070,22680,21350,21580,,
塔吉克斯坦,TJK,一氧化氮排放量（千公吨二氧化碳当量）,EN.ATM.NOXE.KT.CE,,,,,,,,,,,,,,,,,,,,,,,,,,,,,,,1860,1750,1560,1320,1260,1210,1120,1160,1040,920,920,950,1010,1010,1070,1100,1240,1270,1450,1550,1570,1590,1700,1790,1860,1940,1950,1980,1990,2030,,
土库曼斯坦,TKM,一氧化氮排放量（千公吨二氧化碳当量）,EN.ATM.NOXE.KT.CE,,,,,,,,,,,,,,,,,,,,,,,,,,,,,,,2280,2140,1520,1690,1750,1810,1820,1630,1830,2030,2180,2320,2650,3030,3140,3270,3440,3240,3500,3370,3470,3350,3440,3470,3480,3500,3530,3460,3460,3670,,
拉丁美洲与加勒比海地区 (IBRD与IDA),TLA,一氧化氮排放量（千公吨二氧化碳当量）,EN.ATM.NOXE.KT.CE,,,,,,,,,,,,,,,,,,,,,,,,,,,,,,,262260,263690,265400,268000,272540,275370,269710,274600,283670,283380,286400,296230,305630,318540,330920,334010,333500,346610,338420,330860,353160,353410,356730,360250,362490,358990,371440,384090,377330,384670,,
东帝汶,TLS,一氧化氮排放量（千公吨二氧化碳当量）,EN.ATM.NOXE.KT.CE,,,,,,,,,,,,,,,,,,,,,,,,,,,,,,,120,130,140,150,180,180,180,190,200,170,180,210,210,200,200,210,210,210,220,230,220,220,240,240,250,270,270,250,250,260,,
中东与北非地区 (IBRD与IDA),TMN,一氧化氮排放量（千公吨二氧化碳当量）,EN.ATM.NOXE.KT.CE,,,,,,,,,,,,,,,,,,,,,,,,,,,,,,,54760,54750,57060,57290,57610,61400,65520,68560,73420,75480,81190,83690,86280,85440,89970,91640,95850,95230,95520,97740,97690,97040,97880,98240,97370,97080,97440,98660,99010,101710,,
汤加,TON,一氧化氮排放量（千公吨二氧化碳当量）,EN.ATM.NOXE.KT.CE,,,,,,,,,,,,,,,,,,,,,,,,,,,,,,,50,50,50,50,50,50,50,50,40,50,50,50,50,50,50,50,50,50,50,50,50,50,50,50,50,50,50,50,50,50,,
南亚 (IBRD与IDA),TSA,一氧化氮排放量（千公吨二氧化碳当量）,EN.ATM.NOXE.KT.CE,,,,,,,,,,,,,,,,,,,,,,,,,,,,,,,198590,203970,210090,215050,224370,231750,237750,244040,248880,254940,252200,256880,253280,261100,269470,282590,294640,304260,313850,323010,331930,342500,338670,342580,347880,353400,353930,363520,371730,370460,,
撒哈拉以南非洲地区 (IBRD与IDA),TSS,一氧化氮排放量（千公吨二氧化碳当量）,EN.ATM.NOXE.KT.CE,,,,,,,,,,,,,,,,,,,,,,,,,,,,,,,264530,267570,271240,272630,335120,338350,341370,343790,360420,358330,362830,356750,372460,384710,386240,402830,396160,411450,420770,416670,433910,442540,445920,448970,450270,456550,470930,473120,475840,476850,,
特立尼达和多巴哥,TTO,一氧化氮排放量（千公吨二氧化碳当量）,EN.ATM.NOXE.KT.CE,,,,,,,,,,,,,,,,,,,,,,,,,,,,,,,270,270,270,250,240,250,270,270,270,280,300,290,330,320,350,360,370,370,380,390,400,400,410,410,420,420,420,420,420,420,,
突尼斯,TUN,一氧化氮排放量（千公吨二氧化碳当量）,EN.ATM.NOXE.KT.CE,,,,,,,,,,,,,,,,,,,,,,,,,,,,,,,1930,2150,2140,2200,2150,2150,2590,2490,2740,2890,2970,2950,2880,2980,3070,3140,3140,3280,3180,3370,3330,3340,3350,3070,3170,3130,3260,3180,3200,3310,,
土耳其,TUR,一氧化氮排放量（千公吨二氧化碳当量）,EN.ATM.NOXE.KT.CE,,,,,,,,,,,,,,,,,,,,,,,,,,,,,,,26790,25600,26560,27570,24760,25120,25680,25770,27060,27000,26520,23950,24310,24800,24970,25380,26900,25680,23830,26780,26260,26140,28310,30780,30610,31020,33270,32870,32690,34730,,
图瓦卢,TUV,一氧化氮排放量（千公吨二氧化碳当量）,EN.ATM.NOXE.KT.CE,,,,,,,,,,,,,,,,,,,,,,,,,,,,,,,0,0,0,0,0,0,0,0,0,0,0,0,0,0,0,0,0,0,0,0,0,0,0,0,0,0,0,0,0,0,,
坦桑尼亚,TZA,一氧化氮排放量（千公吨二氧化碳当量）,EN.ATM.NOXE.KT.CE,,,,,,,,,,,,,,,,,,,,,,,,,,,,,,,16070,16230,16360,16470,16590,17750,16800,16760,18130,18550,17220,17720,19420,21300,20750,21760,20180,21640,21830,22280,23010,23560,24780,25590,25760,26560,26800,25920,26410,26990,,
乌干达,UGA,一氧化氮排放量（千公吨二氧化碳当量）,EN.ATM.NOXE.KT.CE,,,,,,,,,,,,,,,,,,,,,,,,,,,,,,,5640,5830,5940,6070,5980,6120,6300,6660,7130,6730,6790,6890,7110,7870,7770,8510,7490,8550,10790,10750,11440,11200,11910,11830,11980,12410,12990,13240,13420,13430,,
乌克兰,UKR,一氧化氮排放量（千公吨二氧化碳当量）,EN.ATM.NOXE.KT.CE,,,,,,,,,,,,,,,,,,,,,,,,,,,,,,,43100,40360,36030,31600,29120,26350,22870,22590,19980,18750,18580,18920,19850,18670,18170,18020,18320,19440,21140,18650,19820,22320,21680,23430,23220,22360,23830,24600,25190,24930,,
中高等收入国家,UMC,一氧化氮排放量（千公吨二氧化碳当量）,EN.ATM.NOXE.KT.CE,,,,,,,,,,,,,,,,,,,,,,,,,,,,,,,782030,777300,767120,753210,752570,790810,807830,778530,791520,803340,800280,816290,851250,860140,887130,900930,918180,939950,953820,957380,997520,1016760,1026460,1040840,1055040,1063730,1083680,1101730,1084850,1102350,,
乌拉圭,URY,一氧化氮排放量（千公吨二氧化碳当量）,EN.ATM.NOXE.KT.CE,,,,,,,,,,,,,,,,,,,,,,,,,,,,,,,6650,6900,7140,7280,7200,7080,7330,7170,6970,6800,6590,6720,6710,7110,7460,7500,7920,7800,7930,7940,7920,7830,8280,8250,8210,7830,8080,7990,7800,7840,,
美国,USA,一氧化氮排放量（千公吨二氧化碳当量）,EN.ATM.NOXE.KT.CE,,,,,,,,,,,,,,,,,,,,,,,,,,,,,,,240270,239320,243790,246930,254050,256310,263110,257030,253680,251940,250740,245930,246970,254100,255130,257270,262530,269780,254910,247170,254200,263870,256760,259850,261330,259910,266430,265710,267270,264950,,
乌兹别克斯坦,UZB,一氧化氮排放量（千公吨二氧化碳当量）,EN.ATM.NOXE.KT.CE,,,,,,,,,,,,,,,,,,,,,,,,,,,,,,,11070,11060,9450,8640,8160,8030,7480,10030,10030,9770,9720,9540,9620,9760,9570,10230,10700,11130,11680,12410,13010,13550,13810,14450,14920,15260,16060,16240,16560,16770,,
圣文森特和格林纳丁斯,VCT,一氧化氮排放量（千公吨二氧化碳当量）,EN.ATM.NOXE.KT.CE,,,,,,,,,,,,,,,,,,,,,,,,,,,,,,,10,10,10,10,10,10,10,10,10,10,10,10,10,10,10,10,10,10,10,10,10,10,10,10,10,10,10,10,10,10,,
委内瑞拉玻利瓦尔共和国,VEN,一氧化氮排放量（千公吨二氧化碳当量）,EN.ATM.NOXE.KT.CE,,,,,,,,,,,,,,,,,,,,,,,,,,,,,,,10880,11150,11040,10860,11100,11260,10980,10990,11130,11000,11770,12410,12480,12980,12960,13620,13390,13940,14620,14460,13300,13000,14230,14420,14390,14010,13880,13490,13530,13690,,
英屬維爾京群島,VGB,一氧化氮排放量（千公吨二氧化碳当量）,EN.ATM.NOXE.KT.CE,,,,,,,,,,,,,,,,,,,,,,,,,,,,,,,,,,,,,,,,,,,,,,,,,,,,,,,,,,,,,,
美属维京群岛,VIR,一氧化氮排放量（千公吨二氧化碳当量）,EN.ATM.NOXE.KT.CE,,,,,,,,,,,,,,,,,,,,,,,,,,,,,,,,,,,,,,,,,,,,,,,,,,,,,,,,,,,,,,
越南,VNM,一氧化氮排放量（千公吨二氧化碳当量）,EN.ATM.NOXE.KT.CE,,,,,,,,,,,,,,,,,,,,,,,,,,,,,,,10940,12250,12160,12710,14850,14680,16060,15810,17710,18200,19100,17560,18530,19810,20690,19950,19730,21220,18660,23990,21900,20730,21820,24460,23100,25570,24430,24690,25230,25360,,
瓦努阿图,VUT,一氧化氮排放量（千公吨二氧化碳当量）,EN.ATM.NOXE.KT.CE,,,,,,,,,,,,,,,,,,,,,,,,,,,,,,,100,100,110,120,120,120,120,120,120,120,110,100,100,110,110,110,110,140,140,130,130,140,140,140,140,140,140,140,140,150,,
世界,WLD,一氧化氮排放量（千公吨二氧化碳当量）,EN.ATM.NOXE.KT.CE,,,,,,,,,,,,,,,,,,,,,,,,,,,,,,,2278720,2265720,2258150,2241800,2332540,2388080,2431850,2402500,2415640,2420660,2433470,2447070,2489410,2499340,2577910,2595390,2632350,2688460,2674480,2670870,2722640,2817790,2833410,2824930,2867550,2890440,2920660,2982090,2979020,2985720,,
萨摩亚,WSM,一氧化氮排放量（千公吨二氧化碳当量）,EN.ATM.NOXE.KT.CE,,,,,,,,,,,,,,,,,,,,,,,,,,,,,,,40,40,30,40,40,40,40,40,40,40,40,40,40,40,40,40,40,40,40,50,50,50,50,50,60,60,60,60,60,60,,
科索沃,XKX,一氧化氮排放量（千公吨二氧化碳当量）,EN.ATM.NOXE.KT.CE,,,,,,,,,,,,,,,,,,,,,,,,,,,,,,,,,,,,,,,,,,,,,,,,,,,,,,,,,,,,,,
也门共和国,YEM,一氧化氮排放量（千公吨二氧化碳当量）,EN.ATM.NOXE.KT.CE,,,,,,,,,,,,,,,,,,,,,,,,,,,,,,,2250,2150,2220,2230,2230,2270,2280,2400,2450,2450,2470,2610,2580,2800,2920,2890,2990,3230,3250,3340,3450,3420,3430,3620,3650,3340,3350,3300,3080,3080,,
南非,ZAF,一氧化氮排放量（千公吨二氧化碳当量）,EN.ATM.NOXE.KT.CE,,,,,,,,,,,,,,,,,,,,,,,,,,,,,,,19010,19120,18850,19400,19280,19070,19860,19930,20080,19750,19710,19180,20220,19140,18950,19050,18750,19340,19810,19910,19760,19690,20090,19600,19870,18680,17920,19630,19240,18510,,
赞比亚,ZMB,一氧化氮排放量（千公吨二氧化碳当量）,EN.ATM.NOXE.KT.CE,,,,,,,,,,,,,,,,,,,,,,,,,,,,,,,12640,12720,12820,12800,12570,12440,11660,11660,12510,11730,11350,11560,12770,13910,13950,14390,13070,13490,13580,12710,13880,13690,14730,15020,14720,15080,14940,14320,13990,14510,,
津巴布韦,ZWE,一氧化氮排放量（千公吨二氧化碳当量）,EN.ATM.NOXE.KT.CE,,,,,,,,,,,,,,,,,,,,,,,,,,,,,,,5880,5290,5350,4720,4890,4790,5830,5670,5950,6150,5670,5810,5160,5120,5360,5240,5130,5330,5360,5770,6120,6260,5800,5500,4910,5400,4980,5170,5320,5360,,
